ResourceID,brocade.id,card,order,Genre Type
c51130d7-eff4-5fc8-80d5-926020c83fe7,tg:lhsc:729,GenreTypes,1,Medaillon
76d1d594-7daa-5788-b714-b5e906c49376,tg:lhsc:683,GenreTypes,1,Buste
4581f726-f3be-55e0-9df3-a7421168cf88,tg:lhsc:6935,GenreTypes,1,Buste
964cc9f8-c6fb-5e05-be6f-a69ec8f45f88,tg:lhsc:816,GenreTypes,1,Buste
84c924d8-6955-52ca-b091-4cf48979272b,tg:lhsc:1989,GenreTypes,1,Buste
41b4a25e-fb9e-5f1c-898b-5cf330d4ad97,tg:lhsc:1120,GenreTypes,1,Kop
c57d3dff-ca95-5c7a-a70c-0715b04bad2c,tg:lhsc:1065,GenreTypes,1,Kop
edc8c733-dcfd-5003-b0f8-e0983ef6b059,tg:lhsc:953,GenreTypes,1,Hand
544acddc-3fe4-5e0d-b9d3-5229b7329e99,tg:lhsc:791,GenreTypes,1,Kop
c109e1c8-3c8c-5d08-ab95-85b87e1decba,tg:lhsc:1177,GenreTypes,1,Kop
9a3697a7-0eb4-5fc8-8218-9cadb7d1fd11,tg:lhsc:841,GenreTypes,1,Medaillon
45f7e0df-8b29-5eb8-9067-5079ce728265,tg:lhsc:904,GenreTypes,1,Medaillon
67c5f24b-ffab-5b5d-82d4-1c9e129a3fa8,tg:lhsc:1198,GenreTypes,1,Staande Figuur
1609b2cf-5d7d-50bc-ab15-5385e12df4b2,tg:lhsc:457,GenreTypes,1,Staande Figuur
1906ee6d-eb81-5292-bc07-6bc13cd7780d,tg:lhsc:9402,GenreTypes,1,Buste
0e60bd6c-c9d5-570a-a65a-f17bbf834784,tg:lhsc:1032,GenreTypes,1,Dodenmasker
ae836d71-5e59-5462-9c05-31c088dd28c5,tg:lhsc:768,GenreTypes,1,Medaillon
30d5beb5-d97e-5113-9ef4-c93ee48fe2a4,tg:lhsc:1618,GenreTypes,1,Plaquette
8952ee98-4a3b-5e5a-b709-53a2465da5a3,tg:lhsc:9382,GenreTypes,1,Kop
9ec48475-dc2c-5560-91cd-a805973fb943,tg:lhsc:787,GenreTypes,1,Buste
182ca4c1-d8d4-5c27-b488-5a278e6359b5,tg:lhsc:1248,GenreTypes,1,Staande Figuur
fe310f26-b418-5763-b976-fc04b8d38ea9,tg:lhsc:857,GenreTypes,1,Medaillon
9cd28d8b-e349-53a4-888a-51527624ee2c,tg:lhsc:1161,GenreTypes,1,Buste
07a46c3b-de09-57ad-8c5e-fd8103ee16f1,tg:lhsc:1024,GenreTypes,1,Dodenmasker
5e98834f-3e94-5421-8842-854d1dc7cd02,tg:lhsc:9414,GenreTypes,1,Hand
b7f2caf3-61ca-5ff6-aeb6-ba624f2d1f9a,tg:lhsc:441,GenreTypes,1,Kop
3d901fed-7929-52c6-946f-3713c156d696,tg:lhsc:912,GenreTypes,1,Medaillon
0a58669d-1ba2-52ac-9f85-7ad38b554934,tg:lhsc:5749,GenreTypes,1,Kop
6106ae53-85b6-574d-b2c2-fcdb66051e39,tg:lhsc:695,GenreTypes,1,Buste
f638ca16-0b48-5df0-a70f-55b77f5ac68f,tg:lhsc:1136,GenreTypes,1,Buste
70c446d3-7c58-5155-943f-1f5109682d87,tg:lhsc:800,GenreTypes,1,Buste
0132a4ce-d78f-5f35-b607-75a7bd6d5179,tg:lhsc:945,GenreTypes,1,Hand
a6e2381c-7847-51ec-af1b-da3f0c6ce595,tg:lhsc:416,GenreTypes,1,Buste
c712da57-0cfc-564d-838e-72529d031b00,tg:lhsc:1073,GenreTypes,1,Staande Figuur
808f6a8e-e8b3-5272-a4d3-07ea073480fc,tg:lhsc:744,GenreTypes,1,Medaillon
dca9d500-6d0e-5ff3-8769-474c40de7f88,tg:lhsc:894,GenreTypes,1,Plaquette
2b75ada6-e734-5be7-9f1d-ec90bed3d2ce,tg:lhsc:1008,GenreTypes,1,Dodenmasker
0d0abb06-6f3e-5ed8-addd-8e4396c56dd4,tg:lhsc:656,GenreTypes,1,Buste
14d909f9-f9e2-52ad-93a6-20afa4c66ccc,tg:lhsc:1663,GenreTypes,1,Buste
a9999e80-86bb-5659-b8e9-cf1a0a3ef478,tg:lhsc:1233,GenreTypes,1,Staande Figuur
a302d86b-aa95-5f6c-a6b8-813d7ce13758,tg:lhsc:9316,GenreTypes,1,Plaquette
f05d6c41-784e-5cf0-9039-09c87f3248fd,tg:lhsc:713,GenreTypes,1,Plaquette
6f3d524b-9878-5c0f-b962-981f9149835f,tg:lhsc:969,GenreTypes,1,Dodenmasker
f10ae43d-3c9f-57d0-972f-43c70008852a,tg:lhsc:986,GenreTypes,1,Dodenmasker
622b9854-6c6e-5282-b19d-0eb5b713714a,tg:lhsc:1225,GenreTypes,1,Kop
24236459-de9f-5836-9965-002498b3f1da,tg:lhsc:1360,GenreTypes,1,Kop
93e4684e-c057-59bc-bb5f-0fb0fdbd14dc,tg:lhsc:705,GenreTypes,1,Plaquette
bb80b3ad-5cad-57c7-8d5b-36c316548c15,tg:lhsc:1049,GenreTypes,1,Buste
55ca14d0-1dd4-5cc7-9593-b7985f630204,tg:lhsc:990,GenreTypes,1,Dodenmasker
e15c628e-1951-5349-883b-97281b4f0f0d,tg:lhsc:1272,GenreTypes,1,Staande Figuur
2960ca11-a297-5f0b-89d8-3fd2a096d7bb,tg:lhsc:752,GenreTypes,1,Medaillon
0e8cdc59-e3ab-5136-bd77-1ac8061a372e,tg:lhsc:928,GenreTypes,1,Medaillon
7542ff82-f437-53b0-acef-cf6d725c7c3a,tg:lhsc:882,GenreTypes,1,Plaquette
b60312ae-da6e-5831-8667-510ba90aeeac,tg:lhsc:4284,GenreTypes,1,Buste
ee85f6ac-1898-573e-b141-582d291718b0,tg:lhsc:1086,GenreTypes,1,Zitbeeld; Zittende Figuur
9d79a9d4-411d-5b27-aac4-0302636d8963,tg:lhsc:1069,GenreTypes,1,Buste
10743b6f-f549-53e1-a3c7-4a4986730133,tg:lhsc:725,GenreTypes,1,Plaquette
c9388868-c4ea-5856-b123-781750c66400,tg:lhsc:1205,GenreTypes,1,Staande Figuur
c13afe10-7532-593f-95c4-cfc653be71ae,tg:lhsc:660,GenreTypes,1,Buste
e37d4762-892d-513a-a790-92f2788323b5,tg:lhsc:1194,GenreTypes,1,Buste
a208fd6f-bd31-55c8-baf9-a9734508cc38,tg:lhsc:908,GenreTypes,1,Medaillon
0fc4f0fc-34ad-573a-bc01-95e09fc66aeb,tg:lhsc:772,GenreTypes,1,Plaquette
bca5796d-c9e2-5288-9c72-d44a8ae69b22,tg:lhsc:1317,GenreTypes,1,Kop
08bc524a-d0ec-53c9-9f32-34aaa7ba634c,tg:lhsc:9398,GenreTypes,1,Buste
6700bfba-adf7-5e59-95a5-da0bcf944967,tg:lhsc:1182,GenreTypes,1,Oud-Grieks
759d19fb-e417-57c3-a2fa-0ab28366902f,tg:lhsc:9418,GenreTypes,1,Hand
ca69df12-afa2-5c16-8e04-67a42b232734,tg:lhsc:1028,GenreTypes,1,Masker
bd2eb92e-66dc-580d-bdee-8f5840fd56b1,tg:lhsc:5712,GenreTypes,1,Medaillon
e32b45f4-e6e7-5e22-9a50-c6c72236772d,tg:lhsc:1301,GenreTypes,1,Kop
c0d57123-76e8-5bdf-8ba2-6316df8c6dde,tg:lhsc:764,GenreTypes,1,Medaillon
9ac729ab-ac98-534f-9e11-6cc050c2a6d4,tg:lhsc:9361,GenreTypes,1,Medaillon
32ddf113-070c-5531-9648-aead630b3ee3,tg:lhsc:1244,GenreTypes,1,Staande Figuur
eaaa48a6-6a26-59a1-916d-772c2b80f496,tg:lhsc:57,GenreTypes,1,Buste
00e7c800-363d-5867-af7e-9bdc361c7afc,tg:lhsc:1090,GenreTypes,1,Buste
316fc5d3-8a6d-5fd3-bf20-ba48dac12a8a,tg:lhsc:949,GenreTypes,1,Kop
26cf34e8-e591-5d63-8a04-7cfa081a0df7,tg:lhsc:1706,GenreTypes,1,Zitbeeld; Zittende Figuur
b11b5a15-2ae3-5b23-8cfd-d1f7f618d007,tg:lhsc:733,GenreTypes,1,Medaillon
2b8d449c-a17f-51ca-9ed4-deb36568653e,tg:lhsc:699,GenreTypes,1,Plaquette
da6a8a09-1549-53d6-aa43-1129a453d599,tg:lhsc:5745,GenreTypes,1,Kop
709ec64a-d132-511e-bd37-e375573e8cab,tg:lhsc:676,GenreTypes,1,Staande Figuur
566b6dae-d6dc-50ac-9f6b-4a0b276833af,tg:lhsc:1004,GenreTypes,1,Dodenmasker
8fc8dce5-273f-5de5-9cd3-c3e9397fa794,tg:lhsc:932,GenreTypes,1,Plaquette
d25950a4-c384-5da6-8f90-d0ede88f318d,tg:lhsc:898,GenreTypes,1,Medaillon
c83d38ee-cf88-52ce-853f-f3daaa70a95f,tg:lhsc:1141,GenreTypes,1,Buste
49519ffb-b53b-5b89-aacf-f0bc73d08d5f,tg:lhsc:1268,GenreTypes,1,Staande Figuur
f6021462-e54f-541e-b448-19aff4d52e82,tg:lhsc:748,GenreTypes,1,Medaillon
eb97cc67-7be6-5473-ab54-9e969a5e5c94,tg:lhsc:436,GenreTypes,1,Buste
9df2a1ce-dc6b-5a33-a80d-3719474159ab,tg:lhsc:1053,GenreTypes,1,Buste
0696742d-5e1c-545a-bd45-738d6e6cf49f,tg:lhsc:1116,GenreTypes,1,Buste
20301903-0f38-521a-8cb9-6c171fe4fa1c,tg:lhsc:7168,GenreTypes,1,Buste
56aba1da-5446-57bd-9cb5-ea2a168b96f1,tg:lhsc:820,GenreTypes,1,Buste
78e3e9ec-dae0-5c67-87cb-726da4cfe4e8,tg:lhsc:1680,GenreTypes,1,Zitbeeld; Zittende Figuur
7a8537c1-811e-59b1-a45b-66dbe2bf0eb7,tg:lhsc:1045,GenreTypes,1,Kop
f274465b-973d-5922-94d1-6a60a08d7223,tg:lhsc:420,GenreTypes,1,Zitbeeld; Zittende Figuur
3da08481-996d-5afc-9c2b-b1ea76778381,tg:lhsc:973,GenreTypes,1,Dodenmasker
8fdf8474-2373-58d8-9bbd-d6c5c69c2609,tg:lhsc:836,GenreTypes,1,Zitbeeld; Zittende Figuur
af090183-c4af-5662-980e-db628df336e1,tg:lhsc:1100,GenreTypes,1,Kop
a47ebf97-6553-526f-8696-a9ebe963d8ce,tg:lhsc:1229,GenreTypes,1,Maquette
4ff424d2-788b-5235-be14-72a3b15aed5a,tg:lhsc:924,GenreTypes,1,Plaquette
d809757c-6092-562b-867c-de71d9c64d48,tg:lhsc:1012,GenreTypes,1,Dodenmasker
50de1b1c-fd0b-5939-b233-8501d31b1892,tg:lhsc:1157,GenreTypes,1,Kop
dad377e1-623d-5d35-974c-06612b728db9,tg:lhsc:861,GenreTypes,1,Plaquette
21fae275-d800-510f-bb39-ee074108a265,tg:lhsc:1291,GenreTypes,1,Kop
cbd2481d-117d-546c-bb2d-0893c6221e90,tg:lhsc:7201,GenreTypes,1,Kop
eb746648-ecfc-5d03-83e0-3efb3825c737,tg:lhsc:1290,GenreTypes,1,Kop
140332d8-540d-5f5a-82d9-0a9dd88a28b5,tg:lhsc:925,GenreTypes,1,Plaquette
9bca796d-d097-5cbc-90ae-fad5dbac754f,tg:lhsc:1013,GenreTypes,1,Dodenmasker
93b1ea5d-ae08-5399-91da-d5bcbdc38854,tg:lhsc:1156,GenreTypes,1,Buste
931c359c-9822-5bd7-9388-b585bbd7b325,tg:lhsc:860,GenreTypes,1,Plaquette
6482f096-93b7-5fb5-ae7c-5f5e55f3cf6f,tg:lhsc:1228,GenreTypes,1,Buste
59e3e934-84c3-5a9a-8bd8-9a6d8930a0f4,tg:lhsc:708,GenreTypes,1,Plaquette
654a386e-8f5a-57aa-98ef-e84baeb4a6f0,tg:lhsc:1697,GenreTypes,1,Staande Figuur
79d41cc8-8f3f-5faf-8f91-2ad5e8519529,tg:lhsc:1044,GenreTypes,1,Kop
8cea0bfb-6eda-5775-8706-87a03b90e258,tg:lhsc:421,GenreTypes,1,Kop
97266e1b-adb6-5c69-8066-a61deb75a2ed,tg:lhsc:972,GenreTypes,1,Dodenmasker
c685a484-4d31-5466-bf26-9fdc174b6c39,tg:lhsc:837,GenreTypes,1,Buste
6ed0ae9c-393d-53c3-9656-eec673708808,tg:lhsc:1101,GenreTypes,1,Kop
b280bb93-05b9-5efb-a0a9-87ce67dbbaa6,tg:lhsc:964,GenreTypes,1,Hand
e367e8fe-0c41-5f66-b94e-3a7445d2f8b0,tg:lhsc:437,GenreTypes,1,Dodenmasker
f9a3c51d-4905-5af5-bd48-0bed3ab7def8,tg:lhsc:1052,GenreTypes,1,Buste
43d6d2d8-eb22-54d0-9059-bb0e6e9c0b44,tg:lhsc:1117,GenreTypes,1,Buste
b4c89bf5-3336-51b8-a397-1391534d0b00,tg:lhsc:821,GenreTypes,1,Buste
5ee6317a-e6d4-5b70-ba5b-7e6886cdf61c,tg:lhsc:1269,GenreTypes,1,Buste
30a135b2-595b-541c-a22d-b36bdd57b0b4,tg:lhsc:749,GenreTypes,1,Plaquette
13d321d2-0025-5dd3-8bc9-61db88a89da5,tg:lhsc:1005,GenreTypes,1,Dodenmasker
fffe774d-8f3d-5ebf-8655-c0aaf8e8d62b,tg:lhsc:933,GenreTypes,1,Plaquette
55f5ae27-4cbf-553f-9d31-3578043305a8,tg:lhsc:899,GenreTypes,1,Medaillon
37411c60-1107-53c9-9b18-e7e2c80d3753,tg:lhsc:5046,GenreTypes,1,Oud-Grieks
32e10916-5afe-57fa-b684-a2b1700f13f9,tg:lhsc:876,GenreTypes,1,Medaillon
56384416-34f9-5bf3-a1a2-5095ec2f8671,tg:lhsc:1140,GenreTypes,1,Buste
d068c2ab-8765-5d10-a12f-3770d2db0889,tg:lhsc:732,GenreTypes,1,Medaillon
d527e737-4350-5e0c-99d7-b694473708fc,tg:lhsc:698,GenreTypes,1,Medaillon
c91561a6-01b8-5882-b449-e2db188037e0,tg:lhsc:1357,GenreTypes,1,Kop
964913f8-1a8a-54a7-ac9e-b49cc785dd65,tg:lhsc:3385,GenreTypes,1,Buste
b9540762-a028-5a52-a2fd-6b457bdbd7a6,tg:lhsc:677,GenreTypes,1,Staande Figuur
02b53486-1853-5ebe-858e-30f4a0910ae2,tg:lhsc:56,GenreTypes,1,Buste
b9a62228-bb95-5c1e-8fde-b7695cace939,tg:lhsc:1091,GenreTypes,1,Kop
685f3dff-a392-5fff-ac80-81fa0c8de548,tg:lhsc:948,GenreTypes,1,Hand
032c6ab7-2785-591b-bbd0-2aa40d07c595,tg:lhsc:1300,GenreTypes,1,Buste
e4917e05-f18e-55a3-b5e8-232938a7cbf5,tg:lhsc:765,GenreTypes,1,Plaquette
f193f02f-d995-5323-92e8-3e4cd1bcb69e,tg:lhsc:9360,GenreTypes,1,Medaillon
6b9f1fb4-8b0e-57f4-a979-225b03c223c8,tg:lhsc:1245,GenreTypes,1,Staande Figuur
bf67d273-b15c-51b6-972a-81b21ebe2abb,tg:lhsc:1183,GenreTypes,1,Assemblage
43cf283e-4fb6-5c63-aa3f-2da82de7754c,tg:lhsc:1029,GenreTypes,1,Masker
6e5b1505-2682-5e5a-aa5d-6832b57705b9,tg:lhsc:9419,GenreTypes,1,Kop
e73c018e-6e80-55b1-9549-12c7c7137260,tg:lhsc:773,GenreTypes,1,Plaquette
f9fe8b08-78b8-5bd6-acde-2a5ac3259f7f,tg:lhsc:1316,GenreTypes,1,Kop
0518e5d1-0053-5d3f-b972-9c7226d62bca,tg:lhsc:5705,GenreTypes,1,Kop
b1fa3c75-9109-5ba4-bfd4-652078764d41,tg:lhsc:9399,GenreTypes,1,Kop
72ae0f80-343f-51e4-bc8b-1127b9e5293a,tg:lhsc:909,GenreTypes,1,Medaillon
19520f56-a900-539f-97cc-b50de6f6ae88,tg:lhsc:724,GenreTypes,1,Medaillon
79d07b57-4d21-571b-9d86-9721756d96ce,tg:lhsc:1204,GenreTypes,1,Buste
c6d167fe-acbf-5e85-acab-e94935ca0551,tg:lhsc:661,GenreTypes,1,Figuur Ten Halven Lijve
61033c36-2896-51c8-bdc3-5ef47c5b77e9,tg:lhsc:6938,GenreTypes,1,Plaquette
21a5f190-43a8-5766-bfa5-9bd0708d114f,tg:lhsc:1087,GenreTypes,1,Kop
b1660be2-fee1-58a4-9d08-a350791feba7,tg:lhsc:1984,GenreTypes,1,Staande Figuur
a756b6bb-5d8e-5ed6-8070-fc27d0d49e1a,tg:lhsc:1068,GenreTypes,1,Buste
8253975a-01eb-5d18-8907-bc5ec6a0b394,tg:lhsc:929,GenreTypes,1,Medaillon
c07a0a00-0e4f-51e3-a599-819502d1eaaa,tg:lhsc:883,GenreTypes,1,Plaquette
29ed7968-5a51-5914-9dfd-87c1a64f5449,tg:lhsc:1623,GenreTypes,1,Medaillon
01ebd8c7-d384-52e3-aacc-f5bb635a8a6a,tg:lhsc:1273,GenreTypes,1,Zitbeeld; Zittende Figuur
eefdbee7-127a-536c-81db-44c2ddadeebf,tg:lhsc:753,GenreTypes,1,Medaillon
bd3587c0-26e2-5d1a-aa01-f9665e3d2654,tg:lhsc:1048,GenreTypes,1,Buste
3f5a7fdd-bf5a-5eb5-9019-8467a9daf42a,tg:lhsc:991,GenreTypes,1,Dodenmasker
8fecb54e-b545-5998-8a4b-34f4ffefa447,tg:lhsc:1224,GenreTypes,1,Maquette
fcfa8b32-3476-5c73-b29d-7a4cb37ce9b3,tg:lhsc:1361,GenreTypes,1,Dodenmasker
57e31c35-875e-58d1-88e4-1b707ae3c503,tg:lhsc:704,GenreTypes,1,Medaillon
4d0226a0-c754-5de7-9259-eecb394db074,tg:lhsc:1731,GenreTypes,1,Maquette
9d92b307-4b8b-5f6b-ad8f-03a3bcb00f7d,tg:lhsc:968,GenreTypes,1,Dodenmasker
37efcb8b-7cde-5a47-bcfc-64e336fd7253,tg:lhsc:987,GenreTypes,1,Dodenmasker
afa918e4-2af9-5440-a31e-0be0be4f8a86,tg:lhsc:657,GenreTypes,1,Buste
5b6644a3-84c9-5264-9388-c429ffc53089,tg:lhsc:1232,GenreTypes,1,Staande Figuur
9ab07436-a3de-5e79-9438-2148ce23c71b,tg:lhsc:895,GenreTypes,1,Medaillon
9d1729cb-5841-54d9-9e70-f75e95353c41,tg:lhsc:1009,GenreTypes,1,Dodenmasker
93b15fcb-5978-54bd-a89b-5ebdcb0f8848,tg:lhsc:1265,GenreTypes,1,Staande Figuur
a5d49d3d-cd1a-5783-97ae-adc38f774cef,tg:lhsc:1320,GenreTypes,1,Basreliëf
355922be-0052-57bf-b265-6214fde543fd,tg:lhsc:745,GenreTypes,1,Plaquette
7b78fe22-10e4-57c6-84a7-60245f65b10a,tg:lhsc:1137,GenreTypes,1,Figuur Ten Halven Lijve
605c3f7c-3c6f-5cc1-81bc-9a0575d21582,tg:lhsc:801,GenreTypes,1,Buste
a24c94b2-790d-5a36-a95d-a5b5e73d9914,tg:lhsc:944,GenreTypes,1,Hand
2e692866-8eae-59e2-8d34-f25a3522c65f,tg:lhsc:417,GenreTypes,1,Buste
4f95b2b3-432b-53de-b9d0-39c2f954cef0,tg:lhsc:1072,GenreTypes,1,Kop
a4c09d85-9233-5484-afc0-799cae720c5c,tg:lhsc:5748,GenreTypes,1,Buste
e5f09b64-28f7-5124-93c8-923ec07e1bdc,tg:lhsc:694,GenreTypes,1,Buste
6e87572a-425e-5163-8d54-5a1a2a4fa6c0,tg:lhsc:856,GenreTypes,1,Medaillon
e9aa9eb6-97d5-5097-aa81-23d114e25222,tg:lhsc:1160,GenreTypes,1,Plaquette
de57cfd3-e945-5af9-b38e-ff0b464e5873,tg:lhsc:9415,GenreTypes,1,Hand
378b30b9-cbc1-5e63-8346-86dad0d2173b,tg:lhsc:1025,GenreTypes,1,Dodenmasker
896349a8-6f7c-5d19-81c1-8ecadcfdf0ba,tg:lhsc:440,GenreTypes,1,Buste
015d1f00-d835-52fb-9d6f-ff0fee809287,tg:lhsc:913,GenreTypes,1,Plaquette
300f3401-b2c4-50ce-8d03-1724f6c03be3,tg:lhsc:769,GenreTypes,1,Plaquette
d579f86f-e668-507f-8915-cac341ad6fa4,tg:lhsc:7372,GenreTypes,1,Staande Figuur
f0f7a63f-fe85-51f1-86fa-cbeae42f89b4,tg:lhsc:1619,GenreTypes,1,Plaquette
ad12781f-22b9-5373-bbab-d777cc367024,tg:lhsc:786,GenreTypes,1,Buste
b290693c-3062-5044-91aa-01182b7f2085,tg:lhsc:1176,GenreTypes,1,Basreliëf
7c3be082-b9f1-561b-a7a4-f6a9c57e02ea,tg:lhsc:840,GenreTypes,1,Kop
08122391-6158-569a-9389-0eadb287d50f,tg:lhsc:905,GenreTypes,1,Medaillon
d694572b-e73d-5b61-b39a-68b168715d45,tg:lhsc:456,GenreTypes,1,Staande Figuur
f4253902-1936-59be-bfbc-67a331090428,tg:lhsc:1199,GenreTypes,1,Buste
3be79938-57a4-524c-b3c5-e1eedc341622,tg:lhsc:1033,GenreTypes,1,Dodenmasker
b6233953-26fe-510a-8d57-c27675e661c3,tg:lhsc:9403,GenreTypes,1,Plaquette
e0bd7713-5466-5d35-bbe5-da45055ff35d,tg:lhsc:790,GenreTypes,1,Buste
0edc3aef-c007-579b-a384-dc7774a01dd4,tg:lhsc:817,GenreTypes,1,Zitbeeld; Zittende Figuur
623b9511-d65b-5976-bab7-8f7052d7ef55,tg:lhsc:1121,GenreTypes,1,Kop
3da4f867-34d2-50f1-bd68-d324939624dc,tg:lhsc:1064,GenreTypes,1,Kop
a3308b8e-07c9-5b1e-9a91-a139702deccd,tg:lhsc:952,GenreTypes,1,Hand
e5b7faab-d9f7-57a8-be8b-90bff42517c3,tg:lhsc:728,GenreTypes,1,Medaillon
77fa5181-a950-5f12-9948-87dc3d51d124,tg:lhsc:682,GenreTypes,1,Buste
2870ce52-8cc6-56d3-8fb1-6d1031d2614c,tg:lhsc:1983,GenreTypes,1,Staande Figuur
25981c4e-eac9-5cdc-b146-c7dac3fc0c04,tg:lhsc:1080,GenreTypes,1,Buste
0800ebe2-f42c-57bb-be39-f647de31f641,tg:lhsc:1595,GenreTypes,1,Plaquette
8a915278-3cd2-55d8-a69c-f8e704594675,tg:lhsc:959,GenreTypes,1,Hand
ae403d85-d186-5134-b8a3-4e53f32addfe,tg:lhsc:689,GenreTypes,1,Buste
74c27c88-00c4-5397-aed6-e9a1620e266e,tg:lhsc:723,GenreTypes,1,Medaillon
a8f4b7ba-4693-5c10-a493-abd794fd21f9,tg:lhsc:1203,GenreTypes,1,Medaillon
d8cc85c6-408b-5238-8082-35a56f09c63b,tg:lhsc:666,GenreTypes,1,Buste
a4fce78e-14bf-5ea2-9bfc-8d9df6a49c11,tg:lhsc:1038,GenreTypes,1,Masker
33f21f6f-43a2-5d34-b895-0b4ba2523207,tg:lhsc:9408,GenreTypes,1,Kop
08d9d0ea-ae54-5b77-8f90-f72993197e59,tg:lhsc:1192,GenreTypes,1,Staande Figuur
a887330c-ca45-5965-98ae-1ed0c233667d,tg:lhsc:774,GenreTypes,1,Plaquette
fec131bb-1eec-5320-a0f6-db44a5ca538f,tg:lhsc:9371,GenreTypes,1,Buste
18b260bb-7e3c-5810-bbe5-68bcd2804e55,tg:lhsc:1311,GenreTypes,1,Buste
13690101-48c2-5062-8159-246270ea8e8f,tg:lhsc:5981,GenreTypes,1,Buste
0dc110a0-79c8-54fc-ba35-9e70b8ade350,tg:lhsc:1184,GenreTypes,1,Buste
b907c575-10f0-55b4-b36c-2763310adddd,tg:lhsc:918,GenreTypes,1,Plaquette
7a0d53ab-95c1-5165-b047-4e45114b2690,tg:lhsc:9367,GenreTypes,1,Hand
766ee431-b978-585e-b13f-0abadf2ba218,tg:lhsc:762,GenreTypes,1,Medaillon
92dd7082-2376-519d-b43f-8a1dc1aa8060,tg:lhsc:1242,GenreTypes,1,Maquette
29e87838-6c07-59c1-bd21-fb9e404f7575,tg:lhsc:1096,GenreTypes,1,Kop
a02bcb22-c6d3-5f61-a606-3c6472a4638b,tg:lhsc:2205,GenreTypes,1,Plaquette
962f1d55-c125-584d-9a81-9e77d4c6c5a4,tg:lhsc:1079,GenreTypes,1,Buste
05276f4d-c5b1-5e3b-8dfd-f5ed12aa7fa7,tg:lhsc:5743,GenreTypes,1,Buste
92cba8db-c62e-5551-bd7a-acfb24bfd6fe,tg:lhsc:735,GenreTypes,1,Oud-Grieks
4ea288d5-8987-5034-8adf-637608b76357,tg:lhsc:670,GenreTypes,1,Staande Figuur
02f86d6a-054b-58b7-8bf3-52f9259a9226,tg:lhsc:934,GenreTypes,1,Dodenmasker
220de74f-739c-5cbd-b8a5-b8839cff759a,tg:lhsc:1002,GenreTypes,1,Dodenmasker
c80b3db8-7062-5124-bf01-ce7864af3fca,tg:lhsc:1147,GenreTypes,1,Kop
329f78bd-377a-5af0-a7dc-09b6196d86e3,tg:lhsc:871,GenreTypes,1,Medaillon
351ee8f4-87ab-5151-86ac-408e340c4426,tg:lhsc:5738,GenreTypes,1,Kop
982aecde-9f94-5ea9-85c3-42bd04d0605a,tg:lhsc:1281,GenreTypes,1,Buste
0f4205a7-af3c-5c82-9806-55228875ddf1,tg:lhsc:430,GenreTypes,1,Buste
96ae7ede-941d-5291-8c91-7575c76c490f,tg:lhsc:1055,GenreTypes,1,Buste
ad42c05a-6a77-55bb-aa7b-ae204fa375c1,tg:lhsc:963,GenreTypes,1,Hand
cf893d3b-6118-5783-9f27-fa5e4ec9ffa2,tg:lhsc:826,GenreTypes,1,Buste
dd8c1201-96cb-5dc9-b50f-0ec47b8ec90e,tg:lhsc:1110,GenreTypes,1,Kop
b73ede10-2db2-58ee-aabf-45ab440343e7,tg:lhsc:1669,GenreTypes,1,Plaquette
8e9b5ca9-3d1d-56f7-919a-e2247de2d72e,tg:lhsc:1686,GenreTypes,1,Buste
69fba700-e4ff-578a-82b1-8e036f6d851d,tg:lhsc:719,GenreTypes,1,Plaquette
993d0d9f-90fb-5011-967a-7d8c0d70fc9b,tg:lhsc:975,GenreTypes,1,Dodenmasker
b2642e64-cf40-534d-a085-d54d22e784c9,tg:lhsc:1043,GenreTypes,1,Medaillon
96889312-9663-58ed-b9ab-42b9b933c8e9,tg:lhsc:426,GenreTypes,1,Buste
0888ef8d-6e54-5d05-8a1c-4eba5482b1fa,tg:lhsc:1106,GenreTypes,1,Kop
f2af4128-948e-55cb-942b-0f2d9e052910,tg:lhsc:830,GenreTypes,1,Buste
3a671a3c-fabc-56f3-81ed-6dbaa19b91d0,tg:lhsc:1690,GenreTypes,1,Buste
f3851180-1925-5a42-b8c2-7cb3fef20b5f,tg:lhsc:1014,GenreTypes,1,Dodenmasker
e2ea8c56-b809-5924-9db2-cb8827748717,tg:lhsc:888,GenreTypes,1,Medaillon
75406f57-ce0e-5f7b-bf25-711a711c69e2,tg:lhsc:5057,GenreTypes,1,Plaquette
52f35a6b-134e-5313-b4f1-cd3d68ec6b05,tg:lhsc:922,GenreTypes,1,Medaillon
b9167c06-2c95-544e-a177-13224fdae55c,tg:lhsc:867,GenreTypes,1,Medaillon
3a0b92f9-b086-5b3f-b984-86c719f399b4,tg:lhsc:1151,GenreTypes,1,Staande Figuur
b491ba1b-af46-514d-9a14-1949d47ad5cc,tg:lhsc:1278,GenreTypes,1,Buste
7208ac2f-b04e-5096-b134-0d4ff2736efb,tg:lhsc:6417,GenreTypes,1,Plaquette
79ad8444-ac08-5f31-97f4-c0eab7b07850,tg:lhsc:758,GenreTypes,1,Medaillon
7fa91ab3-4ce6-5e59-a5a3-ce9da90547c6,tg:lhsc:1297,GenreTypes,1,Kop
b690029a-e07f-538f-bdc7-940b3ed93852,tg:lhsc:685,GenreTypes,1,Staande Figuur
6f242fa3-9c42-5ee5-8990-4c9dbda195a5,tg:lhsc:1126,GenreTypes,1,Kop
9ee54047-4908-546f-a047-3871c0547230,tg:lhsc:810,GenreTypes,1,Buste
c2c74bc9-510f-5c46-9dfd-113244f98495,tg:lhsc:955,GenreTypes,1,Hand
d6b3c6c4-1969-5973-a355-c214d231f892,tg:lhsc:1063,GenreTypes,1,Kop
e2a2eee2-520d-5e83-92aa-2f40b6bf77e6,tg:lhsc:778,GenreTypes,1,Plaquette
5669f751-6913-51a5-9126-5f8c0ce95ca6,tg:lhsc:847,GenreTypes,1,Plaquette
1c4b92d9-55ec-5ee7-bde4-db9a4ca63ed2,tg:lhsc:1171,GenreTypes,1,Kop
3003dd64-3fe9-502e-a599-ad5bb33f4143,tg:lhsc:7949,GenreTypes,1,Buste
79c38a16-ce0a-5cbf-93f8-9fb4be5921df,tg:lhsc:9404,GenreTypes,1,Plaquette
ac31c0b7-2070-5b13-977c-839e3986dd5d,tg:lhsc:1034,GenreTypes,1,Dodenmasker
c5450e9f-5510-5cf4-b184-53cf1aec1324,tg:lhsc:902,GenreTypes,1,Medaillon
20de7983-25a8-5336-97d5-4f809a279898,tg:lhsc:781,GenreTypes,1,Buste
92e16535-75bc-5b5d-92bf-a2a5a9c9ccf3,tg:lhsc:1167,GenreTypes,1,Buste
74151a4b-8454-5561-b737-3ab1b1bafb7b,tg:lhsc:851,GenreTypes,1,Buste
a4dfba83-f210-58f6-bd44-9be9c3a95f3d,tg:lhsc:914,GenreTypes,1,Plaquette
ecbdf1c7-5e39-577e-a42f-350f3b711300,tg:lhsc:1022,GenreTypes,1,Masker
9b6ef5ba-0bf4-5106-807a-f5aaecc1ed63,tg:lhsc:9412,GenreTypes,1,Medaillon
6ce7d351-6e3a-57dc-873f-2c95224c5624,tg:lhsc:447,GenreTypes,1,Kop
3230cfbd-14fa-5474-99e0-4e24a9c827a5,tg:lhsc:1188,GenreTypes,1,Staande Figuur
5763e199-f3c3-5b74-9f41-005f7497e13d,tg:lhsc:693,GenreTypes,1,Buste
d6e645e8-fe71-5a5f-af4e-f4509483ea92,tg:lhsc:739,GenreTypes,1,Plaquette
e1519eae-4cd8-5d24-8143-e4d7a573f46f,tg:lhsc:1219,GenreTypes,1,Buste
c0c83a98-314a-59c9-9aa5-13ca5a0f50c9,tg:lhsc:806,GenreTypes,1,Buste
3d67e26f-4655-5fce-b4e5-6b04882dbe74,tg:lhsc:1130,GenreTypes,1,Staande Figuur
4e4e7b45-a6bc-5609-aab4-c75e742c034a,tg:lhsc:410,GenreTypes,1,Figuur Ten Halven Lijve
5bc31604-0b9b-53b9-970a-20bda3bc1bb7,tg:lhsc:1075,GenreTypes,1,Buste
8214bb15-4ade-5466-8647-110925e9a0ac,tg:lhsc:943,GenreTypes,1,Dodenmasker
42be8ba1-c56f-5a29-965c-f7ef7dc7ba1d,tg:lhsc:1327,GenreTypes,1,Kop
4f64fa2e-1349-5460-bdfc-37db32b3c724,tg:lhsc:742,GenreTypes,1,Plaquette
4bf9587a-195a-531a-b797-48d33fd3f03e,tg:lhsc:892,GenreTypes,1,Medaillon
2046f21b-8cb3-5f0c-80cc-8f1043ea9ac8,tg:lhsc:938,GenreTypes,1,Dodenmasker
5855f397-594e-5c36-a3e6-abdfd9d51a52,tg:lhsc:1235,GenreTypes,1,Staande Figuur
42b50203-c676-5008-8bfa-ec422156f497,tg:lhsc:715,GenreTypes,1,Medaillon
d5967ff2-dfa5-580d-941d-85b75a349d73,tg:lhsc:1370,GenreTypes,1,Zitbeeld; Zittende Figuur
251a4c15-a4a5-52d9-99d1-ecd68f0039d9,tg:lhsc:1059,GenreTypes,1,Buste
c0668c9b-d5a4-58c1-88cf-60be1c49e8a1,tg:lhsc:980,GenreTypes,1,Dodenmasker
48781e86-bfd4-580d-b3d2-61bb71bfb330,tg:lhsc:4922,GenreTypes,1,Medaillon
0752d698-5559-5f26-9bc7-0c22f6cc4a98,tg:lhsc:1366,GenreTypes,1,Kop
6aa05d40-8cfc-5161-9022-19303f4be3f3,tg:lhsc:1736,GenreTypes,1,Buste
f22e19d6-952c-5dc0-80f4-3876137d63fd,tg:lhsc:703,GenreTypes,1,Medaillon
0b460bd8-9b8e-580d-bed5-38a05bd079fd,tg:lhsc:979,GenreTypes,1,Dodenmasker
e45ccb0f-8b3d-5225-91ae-e7041a97d2d3,tg:lhsc:996,GenreTypes,1,Dodenmasker
e98844f2-7471-5e50-8f89-434e2287cff5,tg:lhsc:884,GenreTypes,1,Medaillon
041882a6-2b28-57d2-a8cb-313cade7ff6a,tg:lhsc:1018,GenreTypes,1,Masker
d09fb64f-8919-51d9-a359-d58b4c0e2d14,tg:lhsc:1019,GenreTypes,1,Dodenmasker
13e37524-f03c-591b-8dbf-7814a6fc95e2,tg:lhsc:31,GenreTypes,1,Accumulatie
3964c2af-bd80-5a14-97b6-bb7a7dbd68cf,tg:lhsc:1275,GenreTypes,1,Zitbeeld; Zittende Figuur
a618abae-cf67-5ca5-b132-0189d503d307,tg:lhsc:755,GenreTypes,1,Plaquette
78323621-3f0b-5c47-8140-9d63eb558080,tg:lhsc:1330,GenreTypes,1,Maquette
c3dc0285-c5fe-5fdd-9596-0b8b065a8a5c,tg:lhsc:978,GenreTypes,1,Dodenmasker
a1e4552c-9140-5bd0-a6f6-349968958ddb,tg:lhsc:997,GenreTypes,1,Dodenmasker
a7c16f34-4bcd-52a0-ba5a-87e865efb62d,tg:lhsc:4923,GenreTypes,1,Medaillon
32f691cc-f08e-53b5-ab70-1c1e8f7b361d,tg:lhsc:1222,GenreTypes,1,Dodenmasker
25294799-6b39-5a23-b237-1239fec67b37,tg:lhsc:1672,GenreTypes,1,Kop
4f92cc36-92a1-5e79-9b70-2566f4843c42,tg:lhsc:1367,GenreTypes,1,Buste
f08984f3-e2fc-54da-9c61-78add09bfd5a,tg:lhsc:702,GenreTypes,1,Medaillon
b2d880a6-5fe2-56dd-9c45-26b83a820e58,tg:lhsc:1058,GenreTypes,1,Staande Figuur
9e2d2511-c461-5249-81e9-6fa358cb5ee2,tg:lhsc:981,GenreTypes,1,Dodenmasker
67a0b963-eefd-5594-ba91-168071d6fe20,tg:lhsc:1234,GenreTypes,1,Staande Figuur
379e9880-69a2-5f6f-a7a0-0f09c8773834,tg:lhsc:714,GenreTypes,1,Plaquette
0715bd05-3144-5daa-a114-53542bd90551,tg:lhsc:1371,GenreTypes,1,Kop
2369319a-c50f-5def-a165-214f7df26017,tg:lhsc:939,GenreTypes,1,Hand
a20d053c-d04a-583d-bf00-b619d17fc394,tg:lhsc:1326,GenreTypes,1,Maquette
3bf6e521-9afd-56e9-a309-2eaa5b135385,tg:lhsc:743,GenreTypes,1,Plaquette
17d6cc59-4608-5f8b-a17f-df5e96c36d0e,tg:lhsc:807,GenreTypes,1,Buste
8a7b3b53-babc-58c4-aafc-1f1bd993e8c0,tg:lhsc:1131,GenreTypes,1,Buste
0811e832-be5d-5b3b-a3d4-a6c61c1efdca,tg:lhsc:411,GenreTypes,1,Zitbeeld; Zittende Figuur
9cb1ea69-87e9-58c4-a753-0c476c73cbe8,tg:lhsc:1074,GenreTypes,1,Kop
9785ef83-ffab-5745-ad19-a502ebae52d8,tg:lhsc:942,GenreTypes,1,Hand
289dfd9f-6ac6-59f6-934a-f1d3374408f0,tg:lhsc:692,GenreTypes,1,Buste
caf56308-6bc0-5df9-b5a6-812476b29172,tg:lhsc:738,GenreTypes,1,Plaquette
3a8db150-e483-582a-b619-65d30596b007,tg:lhsc:1648,GenreTypes,1,Medaillon
e625cf08-bf97-5160-bd2b-9865469d4c3e,tg:lhsc:1166,GenreTypes,1,Buste
f2b3fb9e-a9fe-58df-aa11-70e64121904f,tg:lhsc:850,GenreTypes,1,Buste
8f3042d4-c2a1-5275-9f7c-c8ed92ccca20,tg:lhsc:915,GenreTypes,1,Plaquette
d38d9708-0516-521b-bb80-a809a561be78,tg:lhsc:9413,GenreTypes,1,Hand
1000d161-923b-5ee5-a7c7-10c59cf2bded,tg:lhsc:1023,GenreTypes,1,Dodenmasker
fe58283f-d95f-536b-b453-f0e65d0c382d,tg:lhsc:1189,GenreTypes,1,Buste
3c1850cd-b5d2-5b36-92f7-4d93cac672a2,tg:lhsc:446,GenreTypes,1,Kop
e63e61af-0b2e-5a83-b452-c4d7c0b747be,tg:lhsc:780,GenreTypes,1,Medaillon
ead2be40-f358-5426-861a-7acaf520ca74,tg:lhsc:846,GenreTypes,1,Plaquette
eef710d9-efd5-5bec-95ac-fc7b8799e862,tg:lhsc:1170,GenreTypes,1,Buste
0037c8b2-625d-5e8e-a6f5-fef61711e8d9,tg:lhsc:1035,GenreTypes,1,Dodenmasker
768c357c-5e80-57b4-806a-d12062ff20ad,tg:lhsc:9405,GenreTypes,1,Medaillon
c8f585cb-9158-5a6f-b8b8-cb72f2a20c43,tg:lhsc:903,GenreTypes,1,Medaillon
14e6bdc2-e723-55a4-a090-6e6b5b099805,tg:lhsc:779,GenreTypes,1,Plaquette
b6a9e149-8ffb-558d-ad92-c2a949f5b4ba,tg:lhsc:796,GenreTypes,1,Kop
b6f7316a-1e65-5e44-812e-50bfaeab2327,tg:lhsc:1127,GenreTypes,1,Staande Figuur
083bc982-6fca-54b0-8d52-7e46dc42844a,tg:lhsc:811,GenreTypes,1,Buste
375f5c29-961d-52ca-bcab-7c02cee5db22,tg:lhsc:954,GenreTypes,1,Staande Figuur
6a01793e-dcc5-50d8-8086-332ecf5619d4,tg:lhsc:1062,GenreTypes,1,Buste
310d02bc-b3f9-54a4-ba0f-f8b0dbf98efc,tg:lhsc:407,GenreTypes,1,Buste
2006b3d1-91a1-57c0-9a01-e100ab2edcf1,tg:lhsc:4149,GenreTypes,1,Buste
ecc3da21-40ad-550b-8d87-945e2c6344d6,tg:lhsc:9281,GenreTypes,1,Medaillon
6dc55640-b9fc-569d-beac-580b064e9b39,tg:lhsc:684,GenreTypes,1,Buste
b4731182-f254-591a-a7df-4f4b6263ad31,tg:lhsc:1279,GenreTypes,1,Buste
049e5824-e57f-5c45-8f22-69f0b1524d65,tg:lhsc:6416,GenreTypes,1,Plaquette
374c7807-9397-570e-b7ac-233b693074c3,tg:lhsc:759,GenreTypes,1,Plaquette
f9b73f84-d020-5318-a7de-cc6afbbebcbe,tg:lhsc:889,GenreTypes,1,Medaillon
90d0435d-841b-5f6d-bdd3-08aece6d2659,tg:lhsc:923,GenreTypes,1,Medaillon
65ea93a3-0f5d-5a4e-bf3c-d2c257a631e1,tg:lhsc:866,GenreTypes,1,Plaquette
4033c8db-8ba4-5d17-8c07-2a3200cf1814,tg:lhsc:1150,GenreTypes,1,Buste
f72722ec-7527-5808-8921-9d0e5c2aac82,tg:lhsc:974,GenreTypes,1,Dodenmasker
f4ee596d-f2e6-58a3-9507-f813e4cb5f63,tg:lhsc:9188,GenreTypes,1,Dodenmasker
9b580fe2-dedf-5aeb-b5b2-923133569e39,tg:lhsc:1042,GenreTypes,1,Plaquette
e769403f-7189-56fc-af95-c11e84c94bff,tg:lhsc:427,GenreTypes,1,Buste
65563560-4578-5289-9232-3aa692d4fb60,tg:lhsc:1107,GenreTypes,1,Buste
7a4b79ef-d578-582a-9018-18ed74224da7,tg:lhsc:831,GenreTypes,1,Buste
62ad11fc-797e-502f-9370-585ca1c50c13,tg:lhsc:1687,GenreTypes,1,Staande Figuur
135dde48-fde5-5082-a586-88de91fc0046,tg:lhsc:718,GenreTypes,1,Medaillon
56453bf7-3f37-584d-a3fd-52b7586f9498,tg:lhsc:431,GenreTypes,1,Buste
29839ebe-7317-53b4-bd17-8cade0222af5,tg:lhsc:1054,GenreTypes,1,Buste
6c66a023-b211-5d30-8131-f20b8e0704a7,tg:lhsc:962,GenreTypes,1,Hand
5e114be4-606d-5013-a9a9-156222c4ee0f,tg:lhsc:827,GenreTypes,1,Buste
e583a8bd-f9b3-5a25-93ff-bb1096f2d896,tg:lhsc:1111,GenreTypes,1,Buste
17068039-827b-51f5-9845-55a7842ab05c,tg:lhsc:1280,GenreTypes,1,Buste
8bc127bc-0eb5-5d82-bdcb-d96e714ec52f,tg:lhsc:935,GenreTypes,1,Dodenmasker
89f6a345-1100-5d98-84c9-aa13d05e7716,tg:lhsc:1003,GenreTypes,1,Dodenmasker
210f738b-66cf-5a49-a052-f70560256b30,tg:lhsc:1146,GenreTypes,1,Buste
e8761c49-ddb8-5d6b-960d-08d9785e800a,tg:lhsc:870,GenreTypes,1,Medaillon
fc16b5b7-8e3e-5a44-9635-b5016bac122d,tg:lhsc:734,GenreTypes,1,Oud-Grieks
6e9fd2bc-a8a9-55e0-92e8-b08d7d9cf5fb,tg:lhsc:671,GenreTypes,1,Buste
9ee6d884-cea2-5cad-b661-3bbdbb5c5603,tg:lhsc:1097,GenreTypes,1,Kop
34ea6a2a-a057-577f-8322-0f5477bf3990,tg:lhsc:1078,GenreTypes,1,Buste
a55eead7-0d64-5462-8bb1-13e7b1d7cc64,tg:lhsc:1306,GenreTypes,1,Kop
563e89a4-2590-5e61-9c0f-c8e139c85567,tg:lhsc:763,GenreTypes,1,Plaquette
0d6e5966-8c4e-5dc8-9d5c-626c9f9dc548,tg:lhsc:1243,GenreTypes,1,Masker
a7afd071-e036-5c1c-958a-551cda78eb5d,tg:lhsc:1185,GenreTypes,1,Buste
67f732bf-8f5b-5da0-bdaa-80a3f7ee094d,tg:lhsc:919,GenreTypes,1,Medaillon
6059be3c-28c4-5a6c-a1d8-2b0c2d1c3376,tg:lhsc:775,GenreTypes,1,Medaillon
2e746cce-f1cf-51da-a6b9-df0237c68279,tg:lhsc:9370,GenreTypes,1,Buste
61e2024a-fee3-5b46-9038-5aefcbce3739,tg:lhsc:1310,GenreTypes,1,Kop
1b1d68ee-746f-58e9-8ae2-db68056f3412,tg:lhsc:1255,GenreTypes,1,Staande Figuur
9640db43-dc5b-5c99-a80b-c278494bfb1d,tg:lhsc:9409,GenreTypes,1,Kop
9ca97dea-5e1a-5392-aa1a-8dce243690d6,tg:lhsc:1039,GenreTypes,1,Dodenmasker
c9c88d88-ce72-59bd-bd72-249ea73a4447,tg:lhsc:1193,GenreTypes,1,Buste
472ede0f-28bc-51b7-9cfb-66c25d3a604a,tg:lhsc:9059,GenreTypes,1,Oud-Grieks
8868fbb7-c1c9-5632-8b92-e44faa8f5a78,tg:lhsc:688,GenreTypes,1,Buste
5ad91390-612f-588c-bfd5-6828d7a7ac25,tg:lhsc:722,GenreTypes,1,Plaquette
e690fe1c-60cb-59c9-b326-8e4632801198,tg:lhsc:7339,GenreTypes,1,Plaquette
7ec13f4e-4965-5693-bd9e-78db3bc594ca,tg:lhsc:667,GenreTypes,1,Buste
7d7f8f98-9156-532e-9a7a-802cc375d7e6,tg:lhsc:1982,GenreTypes,1,Staande Figuur
34429990-f70a-5af9-9541-7ef726039b06,tg:lhsc:1081,GenreTypes,1,Buste
974b1623-a0cd-5558-b36e-d2450e3515bd,tg:lhsc:958,GenreTypes,1,Hand
944f30dc-217b-51b4-ba88-43ed19904fe5,tg:lhsc:7341,GenreTypes,1,Assemblage
24cb803a-b0d3-5a97-8ddb-b57e72ca3277,tg:lhsc:1295,GenreTypes,1,Kop
ade66d13-6db4-57ea-9221-c641691de559,tg:lhsc:1503,GenreTypes,1,Medaillon
1a4bbd06-e389-52f7-b275-d571ef04bd5d,tg:lhsc:1153,GenreTypes,1,Buste
a298062f-86f9-5efe-a646-e110eaa94325,tg:lhsc:865,GenreTypes,1,Medaillon
bd991b15-b17a-5149-8523-aaf56f33850e,tg:lhsc:920,GenreTypes,1,Plaquette
0abe9ebc-241f-5490-8928-c1c3088223cb,tg:lhsc:1016,GenreTypes,1,Dodenmasker
ec7ef1a4-2d16-58a2-ada6-25d12352cdbb,tg:lhsc:1692,GenreTypes,1,Hand
7e07d9b7-d34e-5e58-8247-f68f5240d82e,tg:lhsc:1368,GenreTypes,1,Kop
f00a2bb4-3a5b-53eb-a3d2-e4c6b0117ab8,tg:lhsc:832,GenreTypes,1,Buste
d1800dc2-4e01-5194-a413-55098b5b74d1,tg:lhsc:998,GenreTypes,1,Dodenmasker
78552b1f-3594-50cd-a091-266796249e4b,tg:lhsc:1104,GenreTypes,1,Kop
22573d84-c9b6-5ca5-ae6c-782d46b1759c,tg:lhsc:1041,GenreTypes,1,Plaquette
50fd8afd-39ba-5142-97da-086bb8886d8e,tg:lhsc:424,GenreTypes,1,Buste
edf6ad82-e6bf-5ba1-b5e2-9bfce26f3741,tg:lhsc:977,GenreTypes,1,Dodenmasker
08cf37aa-6c38-500d-bcec-34a284e4bb3f,tg:lhsc:1684,GenreTypes,1,Kop
c3ebd8fd-93ae-5f08-8d3a-d6f66f4ab8a7,tg:lhsc:1112,GenreTypes,1,Kop
5d7bc70a-3d39-5a59-a813-4766f4f637e4,tg:lhsc:824,GenreTypes,1,Buste
eaef1f4f-ceb4-5aec-a22f-cd33fde18858,tg:lhsc:961,GenreTypes,1,Hand
9ef760ec-09ad-5721-9269-5c964154d8c9,tg:lhsc:432,GenreTypes,1,Kop
9e1290f4-22cb-51f5-a34a-b364908fc01d,tg:lhsc:1057,GenreTypes,1,Kop
4310edf1-c502-5a7f-b4a8-650ae079495d,tg:lhsc:873,GenreTypes,1,Plaquette
bfdad5bd-c72b-55cb-bed9-ad1ea0de1f7e,tg:lhsc:1145,GenreTypes,1,Buste
4b285160-9046-59d3-8c6f-74d7e6adc0ca,tg:lhsc:1000,GenreTypes,1,Dodenmasker
68aef67f-e793-59ea-8520-36f55bf00ad9,tg:lhsc:9060,GenreTypes,1,Buste
62778d00-93f1-5594-90d6-ef9b3a2b968d,tg:lhsc:936,GenreTypes,1,Dodenmasker
3f24bb73-36e8-5112-909d-c5955599d0f6,tg:lhsc:737,GenreTypes,1,Plaquette
78b7f5ba-1c32-5884-bf54-92e40e4b0ac1,tg:lhsc:5741,GenreTypes,1,Buste
74bc179a-23ff-5896-8640-9b0ff0ce1ef4,tg:lhsc:1978,GenreTypes,1,Staande Figuur
e87525b7-4ec0-5dcf-ab6e-3b8f27cff77c,tg:lhsc:2207,GenreTypes,1,Plaquette
22a62011-96bc-5f17-a7d9-afde16c0ded1,tg:lhsc:808,GenreTypes,1,Zitbeeld; Zittende Figuur
324ed6e8-c0e4-5dc3-aa16-d18ceec2d2d6,tg:lhsc:53,GenreTypes,1,Buste
b4831efa-9318-5be7-9fa9-5a4ab1cff942,tg:lhsc:1094,GenreTypes,1,Kop
3fa37144-1dc9-5c7d-9dcd-68c86ad21fd2,tg:lhsc:9220,GenreTypes,1,Plaquette
2e9db128-3e8f-5edc-8dc9-164952603207,tg:lhsc:1305,GenreTypes,1,Kop
1339bcd7-ca1f-517c-865e-dbec0993e264,tg:lhsc:760,GenreTypes,1,Plaquette
73c65e6f-a057-509a-8a6c-d223bdd4fdec,tg:lhsc:449,GenreTypes,1,Plaquette
226f9620-ce6f-5b66-ad3d-69eaeaae8ce0,tg:lhsc:1186,GenreTypes,1,Buste
e941a9b5-2f15-5450-8983-1a63fd54a75b,tg:lhsc:1169,GenreTypes,1,Buste
9515c8fd-3cc2-5ca5-bdab-09e5b07cf607,tg:lhsc:1256,GenreTypes,1,Kop
c8250952-5817-5d45-a504-a747384087d3,tg:lhsc:776,GenreTypes,1,Staande Figuur
05634d34-0886-5578-bf83-7c4d06355f42,tg:lhsc:9373,GenreTypes,1,Buste
7da60b76-1666-5bdc-8b94-3ca33cdafdaf,tg:lhsc:1313,GenreTypes,1,Buste
b55be486-9895-503e-bfb0-c9b8a7b4435a,tg:lhsc:1190,GenreTypes,1,Buste
1cd6de33-e717-527f-a5bd-f99298d0a5e0,tg:lhsc:849,GenreTypes,1,Medaillon
11c2cecc-5f5d-5ca6-a678-0f2eecef98ed,tg:lhsc:1201,GenreTypes,1,Buste
6ace3ad5-b377-5558-ac8b-0051b75bde1f,tg:lhsc:664,GenreTypes,1,Buste
ff0a0e0a-0ca8-564d-b33d-8ce77d4a77c9,tg:lhsc:1714,GenreTypes,1,Kop
7b9986b0-333e-5c5e-bf71-d12dd0b5ba0b,tg:lhsc:721,GenreTypes,1,Plaquette
b31232c8-f28e-57a8-aa98-78765504a3d1,tg:lhsc:408,GenreTypes,1,Staande Figuur
5b32d714-bc29-5e05-bfe6-6eed18ed7b1f,tg:lhsc:1597,GenreTypes,1,Medaillon
e24b5dce-b3b2-56b9-9d7a-11b9a5b7c736,tg:lhsc:1082,GenreTypes,1,Kop
2ad77777-2e0a-5c8c-a523-450ea5def420,tg:lhsc:1128,GenreTypes,1,Kop
294e2fc2-47ce-514b-ba6a-4c5f9d3dc9b3,tg:lhsc:1981,GenreTypes,1,Staande Figuur
831b5fa1-9554-5c81-b488-f2d5d6bd1b0e,tg:lhsc:869,GenreTypes,1,Medaillon
e0b081da-3b59-511f-8b66-552d3fd293b8,tg:lhsc:886,GenreTypes,1,Medaillon
33da8209-b137-58ce-834e-a083564385f4,tg:lhsc:756,GenreTypes,1,Medaillon
b4206bf2-a902-515d-90f6-f3af0983d805,tg:lhsc:1276,GenreTypes,1,Buste
522e5be3-8ada-5b7f-a944-46811f7b52c0,tg:lhsc:1108,GenreTypes,1,Kop
5796dddb-5090-51e1-bb4e-58fb9a0bc545,tg:lhsc:994,GenreTypes,1,Dodenmasker
1356af1c-872f-54ca-921c-adc5e6a7fe5e,tg:lhsc:7199,GenreTypes,1,Kop
68fc9426-cca0-5fd0-8e7e-09303bf1f719,tg:lhsc:428,GenreTypes,1,Buste
d48f991c-ed7c-5712-8cc7-a5f1744f571a,tg:lhsc:1364,GenreTypes,1,Maquette
edef3d43-d41a-51b2-9605-25200b96a9a2,tg:lhsc:1734,GenreTypes,1,Kop
1a734321-cc64-5dfc-95ce-123ac604303e,tg:lhsc:701,GenreTypes,1,Medaillon
e2ae796c-4312-562a-85d4-23ebd830ab69,tg:lhsc:1221,GenreTypes,1,Kop
6b0cd9ab-ffbc-5385-998a-c4fd68ad7d48,tg:lhsc:4920,GenreTypes,1,Plaquette
eb077197-c50b-5ca0-b291-c9e56ec5de62,tg:lhsc:828,GenreTypes,1,Kop
713e97c5-19c1-5fdf-a553-684febe0e14e,tg:lhsc:982,GenreTypes,1,Dodenmasker
2ce52c2c-8731-53c4-945f-fc64725eb780,tg:lhsc:717,GenreTypes,1,Medaillon
92c7b1ed-8adb-54fb-ac7c-ddd608e2168c,tg:lhsc:1372,GenreTypes,1,Kop
df8f5f2b-454c-5245-8212-bd02c7fe458f,tg:lhsc:9257,GenreTypes,1,Assemblage
190cdfc1-3a08-57ee-ba33-44398962708f,tg:lhsc:1667,GenreTypes,1,Buste
376cd848-ee90-57f5-b243-a0ee3a387e3d,tg:lhsc:1237,GenreTypes,1,Buste
1a439f79-09b6-5d58-8d91-4c51672d8ddd,tg:lhsc:1149,GenreTypes,1,Buste
cccecc83-ec92-5c21-bf2e-d22869f6b196,tg:lhsc:890,GenreTypes,1,Medaillon
588ed434-8cdc-5aa9-94d4-b9db39f8e369,tg:lhsc:5736,GenreTypes,1,Buste
efeb48b7-b43d-5445-ba97-7f0c7008da7c,tg:lhsc:1325,GenreTypes,1,Maquette
f50e3aac-e193-5501-9c37-0b16d40f617a,tg:lhsc:740,GenreTypes,1,Medaillon
cb459b5c-5ed2-5454-bf3c-41c11134cc1b,tg:lhsc:941,GenreTypes,1,Kop
6d68d0e0-7201-5f62-a961-6078e899a096,tg:lhsc:412,GenreTypes,1,Zitbeeld; Zittende Figuur
42d6866a-0d15-5fbd-9692-c896e202b02e,tg:lhsc:1077,GenreTypes,1,Figuur Ten Halven Lijve
79057b82-06d2-5349-94ff-650a09ae4414,tg:lhsc:1098,GenreTypes,1,Kop
e72f4c71-2266-5f11-8d1d-5226bcf0534a,tg:lhsc:1132,GenreTypes,1,Buste
01adf1b1-0645-5f49-b26f-e3ecc7f88346,tg:lhsc:804,GenreTypes,1,Buste
098aa89e-8a7f-59d6-8c7e-f76068a17aa5,tg:lhsc:691,GenreTypes,1,Buste
f2b16e8e-b2b4-578b-9671-dae3b461bf7d,tg:lhsc:9410,GenreTypes,1,Dodenmasker
7184e6f1-80a6-551b-9ba1-c6b0b87989dd,tg:lhsc:1020,GenreTypes,1,Dodenmasker
4890d686-2331-535b-85d3-384afea42da1,tg:lhsc:445,GenreTypes,1,Buste
eb6ee117-8765-58af-8dad-59441c620b03,tg:lhsc:916,GenreTypes,1,Plaquette
11c49844-c619-5736-8630-4f431a6c6c7d,tg:lhsc:853,GenreTypes,1,Plaquette
2442f4ff-517a-596c-b491-419e5fcbc1d7,tg:lhsc:1165,GenreTypes,1,Buste
5ab8749e-059c-5822-9126-a79e7c250fbf,tg:lhsc:783,GenreTypes,1,Buste
71df2750-156f-5396-8a28-c27f724b1ea4,tg:lhsc:9386,GenreTypes,1,Assemblage
67b0d0cc-fdbf-5e06-a8b2-ca28ffd46948,tg:lhsc:1309,GenreTypes,1,Kop
2abc0433-04b1-548b-9235-4b71c756033d,tg:lhsc:900,GenreTypes,1,Medaillon
11738061-c52f-5501-be24-b549099f3c8f,tg:lhsc:453,GenreTypes,1,Basreliëf
a4b74afd-b139-5ac1-bd0a-cbf1d0e77695,tg:lhsc:1036,GenreTypes,1,Oud-Grieks
439e9a5f-f6b6-5947-9e32-e14324849a17,tg:lhsc:9406,GenreTypes,1,Medaillon
3900526e-09a7-50fd-8c38-4ad6748c5bfa,tg:lhsc:1173,GenreTypes,1,Kop
ee59fd8a-1578-52a4-b0b7-f04d11dc5fd8,tg:lhsc:845,GenreTypes,1,Plaquette
e07a1029-b0d7-5989-89a2-154a90b170f1,tg:lhsc:795,GenreTypes,1,Kop
ef997d04-d986-5bc6-9314-497b1b3a6470,tg:lhsc:1061,GenreTypes,1,Buste
9f63b5a4-c361-5051-99e6-93f27e2b3349,tg:lhsc:957,GenreTypes,1,Hand
bcd6ad22-317d-5796-a7be-57106f2b2260,tg:lhsc:812,GenreTypes,1,Buste
705205be-6fd6-5b2f-8cf3-f46cb39a9ddd,tg:lhsc:1124,GenreTypes,1,Buste
ddf96abe-518e-5e7a-86d4-2f1721f815b1,tg:lhsc:668,GenreTypes,1,Buste
3e30078a-692c-57b1-83ed-b68235df2480,tg:lhsc:9282,GenreTypes,1,Staande Figuur
4b9d7c35-e13c-5ee5-93f6-86c790165fcc,tg:lhsc:687,GenreTypes,1,Buste
913dd508-74cc-5926-ad25-cde9f6cd86e7,tg:lhsc:669,GenreTypes,1,Buste
c1706a0a-bbea-5846-8c7d-7e7a53d4ac3a,tg:lhsc:686,GenreTypes,1,Buste
08ff3a3c-dd11-5a47-9d9f-ea3ec421bca1,tg:lhsc:1060,GenreTypes,1,Buste
920260a1-a05e-543e-aa3a-f1bf16fe6fd6,tg:lhsc:405,GenreTypes,1,Staande Figuur
bb6b17d7-1aa9-5090-bf44-a56fe1f93d7c,tg:lhsc:956,GenreTypes,1,Hand
f199cab2-4e33-5361-abc4-19ca16f1f84d,tg:lhsc:813,GenreTypes,1,Buste
778e3338-6f9d-56cb-b660-c3b2da0b4b03,tg:lhsc:1125,GenreTypes,1,Buste
032f1518-6a11-5a14-9900-3809e086adbd,tg:lhsc:794,GenreTypes,1,Kop
5344f31d-224a-5bc3-b782-43a22a341e7b,tg:lhsc:901,GenreTypes,1,Medaillon
eec14c7b-5076-5a49-ad57-ed8608f363e3,tg:lhsc:9407,GenreTypes,1,Buste
68ce2698-3579-56ce-849b-1e0fd2827bbd,tg:lhsc:1037,GenreTypes,1,Masker
25702644-7882-5a7e-ad09-7b46fda9aaac,tg:lhsc:1172,GenreTypes,1,Buste
8575eef5-6c62-575f-96f9-83eea94eee0e,tg:lhsc:844,GenreTypes,1,Plaquette
c55d8e5c-0c32-5a84-b0ca-7f539e6c7c88,tg:lhsc:9368,GenreTypes,1,Buste
68bfe4d0-81b3-5bfc-9d6d-e224eb66db06,tg:lhsc:1308,GenreTypes,1,Buste
76cb8230-0207-514d-80dc-2cd86e18392d,tg:lhsc:1021,GenreTypes,1,Masker
b5fbbbda-0327-5228-a554-d79b4a7c8efa,tg:lhsc:9411,GenreTypes,1,Medaillon
679c49d9-39a9-5ede-a7be-6ad703b3f951,tg:lhsc:444,GenreTypes,1,Buste
1a4a4907-bdbb-5583-b920-1405a3816c62,tg:lhsc:917,GenreTypes,1,Plaquette
40df15a3-98e9-5829-bd2e-50f47c1f2434,tg:lhsc:852,GenreTypes,1,Plaquette
67e61948-f05c-59fc-841b-23a767c0ebf6,tg:lhsc:1164,GenreTypes,1,Buste
f1172ab4-f619-5395-b771-2b5bb142f932,tg:lhsc:8191,GenreTypes,1,Oud-Grieks
5327884c-1110-50ff-a685-afd248897555,tg:lhsc:690,GenreTypes,1,Buste
e1e12bda-8bfa-5681-b90f-c2ff56793f19,tg:lhsc:413,GenreTypes,1,Buste
96391bbf-50c9-5989-a1c2-2f0c41d04400,tg:lhsc:1076,GenreTypes,1,Kop
9bf33940-f5c7-53d3-bc5a-3d8235624a23,tg:lhsc:1099,GenreTypes,1,Kop
5dba41c9-21e0-59ce-905e-dd13a26b24d5,tg:lhsc:1133,GenreTypes,1,Buste
4433fa87-006f-568d-92f7-0689e5e943bf,tg:lhsc:805,GenreTypes,1,Buste
3083eebf-50ea-5927-b6b7-8bc11af15ff5,tg:lhsc:741,GenreTypes,1,Medaillon
0a8eb4be-7ff6-5663-a2b5-b5cf0ec50342,tg:lhsc:1261,GenreTypes,1,Staande Figuur
fc22eec7-fd45-5249-ae03-973842ab198b,tg:lhsc:1148,GenreTypes,1,Plaquette
08a2e2fe-05ae-55be-b8cc-df795bcf63bb,tg:lhsc:891,GenreTypes,1,Medaillon
2ee3dd9e-5ef9-54aa-a74a-ce5cae6e3292,tg:lhsc:716,GenreTypes,1,Medaillon
973d4981-ed11-51ae-803d-b4d4189d40d5,tg:lhsc:1689,GenreTypes,1,Kop
f3c99371-f1a2-5ff4-aacc-c61bac76c7e0,tg:lhsc:1666,GenreTypes,1,Kop
1c8162a2-3043-5a35-84c7-ca0b4c2c81e3,tg:lhsc:1236,GenreTypes,1,Staande Figuur
60b14266-ffa6-502b-8e9a-70d6b8b3811f,tg:lhsc:829,GenreTypes,1,Kop
74ebc791-e2a7-5cb3-b346-7d0ed2f769f1,tg:lhsc:983,GenreTypes,1,Dodenmasker
d6e59309-3ec3-58ca-8584-834f7e0e04fa,tg:lhsc:1365,GenreTypes,1,Kop
0a9292f1-56e8-5b61-8f44-c115208c5601,tg:lhsc:1735,GenreTypes,1,Buste
16cd52ba-18f9-5427-b9ff-559d91e29a8f,tg:lhsc:700,GenreTypes,1,Plaquette
1a154f31-f551-5563-8774-aab66c817a57,tg:lhsc:1220,GenreTypes,1,Buste
4c6766be-1454-50f1-acd2-6d9de7282e87,tg:lhsc:4921,GenreTypes,1,Medaillon
26ae5af7-b963-5417-96f3-95f8469e3937,tg:lhsc:1109,GenreTypes,1,Buste
2c9edd25-5211-5861-b3b6-7e7c19d7ca32,tg:lhsc:995,GenreTypes,1,Dodenmasker
c9bea283-db59-5fd1-b8d0-d8a193b47e69,tg:lhsc:429,GenreTypes,1,Buste
82c544cb-c8f3-5489-9b73-99b9b99c7b46,tg:lhsc:9186,GenreTypes,1,Kop
4ca5a8df-ba54-501b-a719-3701cfbac826,tg:lhsc:757,GenreTypes,1,Plaquette
29f98a5e-4430-5e93-90d8-050c9d245949,tg:lhsc:8056,GenreTypes,1,Plaquette
23d5c9d7-06d4-55d4-8094-97930c23b8f9,tg:lhsc:868,GenreTypes,1,Medaillon
8bf3a2b3-09d4-52f2-8c92-36e864478583,tg:lhsc:9094,GenreTypes,1,Basreliëf
2fe44fd3-3a3c-52cd-8d94-473787935ead,tg:lhsc:887,GenreTypes,1,Medaillon
1dd34fd5-86a6-5104-8f19-b46960f7025b,tg:lhsc:409,GenreTypes,1,Figuur Ten Halven Lijve
0af52f4e-e38e-5f00-9c01-5d4cf6b2861b,tg:lhsc:1596,GenreTypes,1,Plaquette
18ce845c-6504-5aef-a969-85dedfe8886e,tg:lhsc:1083,GenreTypes,1,Buste
0d8253f6-eb52-5b57-9192-981e3dce9354,tg:lhsc:1129,GenreTypes,1,Kop
d5496666-b51c-594b-8783-3158093a8aee,tg:lhsc:1200,GenreTypes,1,Buste
03fabdcb-d5b7-5aff-8aec-9422f497d864,tg:lhsc:665,GenreTypes,1,Buste
efd035b6-e1e7-50e8-aa77-a6f19d93f94b,tg:lhsc:1715,GenreTypes,1,Zitbeeld; Zittende Figuur
31f09c6e-ef63-5c7e-8d3f-4bf99f2372a8,tg:lhsc:720,GenreTypes,1,Plaquette
8bab2d05-7b5f-52d2-9af1-606eb599ac1c,tg:lhsc:1191,GenreTypes,1,Staande Figuur
7b339770-6cc5-5328-8a88-295a03828862,tg:lhsc:848,GenreTypes,1,Basreliëf
3a4a2d91-5ea3-5e54-be68-2e4ef1d57ab3,tg:lhsc:1607,GenreTypes,1,Plaquette
3c3607df-3a80-5329-a342-9851eef7b3e1,tg:lhsc:1257,GenreTypes,1,Buste
434a257d-29dc-588a-9324-4cf2532c327a,tg:lhsc:777,GenreTypes,1,Plaquette
c344fa49-3a39-5794-bb9f-5220ea13b07c,tg:lhsc:9372,GenreTypes,1,Buste
82368831-7662-5e52-a07b-eba091297e05,tg:lhsc:1312,GenreTypes,1,Kop
1fe6d00c-774b-50b6-9146-a7e88e5e870d,tg:lhsc:1187,GenreTypes,1,Buste
c13c3ee6-e2ef-5504-b04c-9272386aa314,tg:lhsc:448,GenreTypes,1,Maquette
c2b6778f-53b8-568d-a04e-b07b714cb32b,tg:lhsc:1168,GenreTypes,1,Buste
5b938c98-6d35-5cb8-9ff5-1968dedf8706,tg:lhsc:1611,GenreTypes,1,Medaillon
66c7f586-9091-5bc8-baa6-a0207973df5c,tg:lhsc:2197,GenreTypes,1,Dodenmasker
af620ccf-378e-54b7-80e8-75946ec2b76a,tg:lhsc:8060,GenreTypes,1,Medaillon
c3a8883c-1ba2-531b-b5dc-dac74020f333,tg:lhsc:1304,GenreTypes,1,Buste
2188a431-8cf0-5a90-9d3a-aa15f69cc7b5,tg:lhsc:9364,GenreTypes,1,Staande Figuur
9c95c2ba-090b-5570-9063-969e1637b65a,tg:lhsc:761,GenreTypes,1,Medaillon
667e47e6-3f59-51de-8928-2c7c3e92f215,tg:lhsc:2206,GenreTypes,1,Plaquette
11507332-e461-583b-9d82-2932578876fa,tg:lhsc:809,GenreTypes,1,Buste
353c748e-7678-56ee-89b3-8f9b99fa1947,tg:lhsc:52,GenreTypes,1,Kop
51ae9a81-d71b-5aff-b940-04d3c28dce1d,tg:lhsc:1095,GenreTypes,1,Kop
927a17bb-1a18-5cdc-a282-69bb66ea451e,tg:lhsc:1216,GenreTypes,1,Medaillon
92a719ae-e1a9-50df-ba85-a89e6ab38c4a,tg:lhsc:736,GenreTypes,1,Medaillon
99130394-5b56-5587-a3dc-cb7a761fc666,tg:lhsc:872,GenreTypes,1,Medaillon
205d53ec-60e7-57f1-a7e0-6a0419627781,tg:lhsc:1144,GenreTypes,1,Buste
f053208f-5f5e-5cb6-8547-833a7164997f,tg:lhsc:1001,GenreTypes,1,Dodenmasker
70bf6ddd-f65c-5ba4-a6db-0a7873076c35,tg:lhsc:937,GenreTypes,1,Hand
e864017c-cfec-5faa-bc67-54323836dadd,tg:lhsc:1282,GenreTypes,1,Buste
ae856fa1-52ff-5598-b05b-6a4083563098,tg:lhsc:1328,GenreTypes,1,Staande Figuur
cbde0ac5-0fab-5d6c-a868-a09f0da1eea6,tg:lhsc:1113,GenreTypes,1,Kop
ab54ce8c-713f-5684-8f88-3f1a7793ec8b,tg:lhsc:825,GenreTypes,1,Buste
eb8e80d8-3f0d-584a-a6e6-b74f2c296b96,tg:lhsc:960,GenreTypes,1,Hand
7d9e0f6b-7fa3-5d1a-8808-cc1f44f74192,tg:lhsc:433,GenreTypes,1,Buste
ca503d79-4b86-5336-96ab-4887c7d15b25,tg:lhsc:1056,GenreTypes,1,Buste
d0efabc0-d7ab-56a2-80e6-9cf6d7822341,tg:lhsc:833,GenreTypes,1,Buste
47e36ebe-5d00-5355-b2e0-909ca20103ee,tg:lhsc:999,GenreTypes,1,Dodenmasker
d106c1d9-4207-5510-930b-869a6011195a,tg:lhsc:1105,GenreTypes,1,Kop
58a0ace5-53bb-589f-93d1-90411451de73,tg:lhsc:1040,GenreTypes,1,Dodenmasker
c0abd772-4d1c-51e7-b26a-e21943c3a65e,tg:lhsc:425,GenreTypes,1,Buste
4a601a10-bb90-5881-994a-97786443f8c5,tg:lhsc:976,GenreTypes,1,Dodenmasker
af7668ba-501e-52fc-9f74-2be22545f24a,tg:lhsc:1369,GenreTypes,1,Kop
ce533c49-8782-56eb-9f9f-bb2cc9ed8f08,tg:lhsc:1386,GenreTypes,1,Hand
5d608eeb-238a-5da3-a62a-39936f16790a,tg:lhsc:1152,GenreTypes,1,Buste
7eadb68c-d273-510a-b540-3106f6cf9ea7,tg:lhsc:864,GenreTypes,1,Medaillon
5b9d8fce-0972-5da6-86c8-fd2280054bd6,tg:lhsc:921,GenreTypes,1,Plaquette
55d35300-7394-5870-92ad-bbf64c2ecf55,tg:lhsc:1017,GenreTypes,1,Masker
7797b41c-285a-5620-808b-43a13e52a028,tg:lhsc:1159,GenreTypes,1,Buste
e68c69b7-eb93-52a6-915f-c9f07b0b62d7,tg:lhsc:880,GenreTypes,1,Medaillon
240e1a01-f930-5a33-9e66-b8672191a8b7,tg:lhsc:1620,GenreTypes,1,Plaquette
c8785856-42c4-5cad-80b9-693a51029d58,tg:lhsc:1270,GenreTypes,1,Buste
d8cc4508-f55b-5b80-bbe3-e70696620e11,tg:lhsc:992,GenreTypes,1,Dodenmasker
f3396b13-b343-5b6e-af9f-854a89a017e1,tg:lhsc:838,GenreTypes,1,Staande Figuur
eda025cc-1d04-5df6-9c03-99bdfca7c0f7,tg:lhsc:1227,GenreTypes,1,Kop
5489a611-b006-58ce-998d-a3164075c09e,tg:lhsc:1118,GenreTypes,1,Kop
75f2338a-6ca2-5374-be33-ae01a6a1543d,tg:lhsc:984,GenreTypes,1,Dodenmasker
0cfbdffe-3206-5910-8f33-84750c83fe8f,tg:lhsc:7189,GenreTypes,1,Plaquette
332768c8-f8e3-531d-b3f4-9d574010f062,tg:lhsc:438,GenreTypes,1,Medaillon
57a482a1-6870-56ad-8f3c-d72bbd982c1a,tg:lhsc:711,GenreTypes,1,Plaquette
364ef84b-738b-52a0-ace2-bf5a64f1be64,tg:lhsc:654,GenreTypes,1,Buste
df08d671-77f2-5b40-a336-a72b90719a19,tg:lhsc:1231,GenreTypes,1,Zitbeeld; Zittende Figuur
6c402319-7604-534d-ac80-c719da48318d,tg:lhsc:879,GenreTypes,1,Medaillon
82d5c0d7-6499-5b89-8ded-08fd6fe64a66,tg:lhsc:896,GenreTypes,1,Medaillon
8bbd667d-0bbe-55d6-8840-3ccc0ade6440,tg:lhsc:1323,GenreTypes,1,Kop
c6e4d6a1-8aa9-5c17-a3ad-ee814c70e888,tg:lhsc:1289,GenreTypes,1,Kop
09a7eeb8-e122-59b6-9eee-9578e4bc20ce,tg:lhsc:746,GenreTypes,1,Medaillon
48a58cb9-611f-5980-96a9-0376708a51a2,tg:lhsc:1266,GenreTypes,1,Staande Figuur
34b2c347-1c0b-5e1c-bae2-10618082c3fd,tg:lhsc:414,GenreTypes,1,Buste
50d950eb-4e24-56cd-a252-f3a42bbf9247,tg:lhsc:947,GenreTypes,1,Hand
8a0fba54-258a-5c6a-8863-38ace969e007,tg:lhsc:802,GenreTypes,1,Buste
4fb0b622-30bc-5749-917b-86e9dd2a602b,tg:lhsc:1134,GenreTypes,1,Buste
f7f0442f-19aa-5111-a920-f7466bd4b922,tg:lhsc:678,GenreTypes,1,Buste
c9b52083-14d8-5cf8-898f-d39e506fb827,tg:lhsc:9292,GenreTypes,1,Plaquette
03babb7e-b2b2-5c68-add6-8fddd44eb47d,tg:lhsc:697,GenreTypes,1,Medaillon
56d8e766-7b1e-5eae-8b7f-24ee08c51f1d,tg:lhsc:1708,GenreTypes,1,Zitbeeld; Zittende Figuur
08e65147-2901-5a48-9f1e-279842ed8614,tg:lhsc:910,GenreTypes,1,Medaillon
ad8e3d28-ae9c-521e-b5a4-386d3f5f9c6b,tg:lhsc:9416,GenreTypes,1,Hand
97f2d70d-8da6-5244-84b9-ad25e72431e2,tg:lhsc:1026,GenreTypes,1,Dodenmasker
7e2245ed-de1f-58b9-be59-5ba00b6ca82f,tg:lhsc:443,GenreTypes,1,Buste
6ee01e5a-1441-5ac1-8023-d8ea42dca6ff,tg:lhsc:1163,GenreTypes,1,Buste
9d24e234-d13a-5801-9e77-c882d064e03c,tg:lhsc:855,GenreTypes,1,Medaillon
6eafb6ec-f70f-5b4a-93b4-a20ef921cc6a,tg:lhsc:455,GenreTypes,1,Buste
b949af4c-0326-5fe1-a3e8-f84e4ae4bf22,tg:lhsc:1030,GenreTypes,1,Dodenmasker
dd1b3a93-027d-5d0f-afdc-4082658326e8,tg:lhsc:9400,GenreTypes,1,Hand
e06d13f1-24c5-5807-8335-aafdb23334ab,tg:lhsc:906,GenreTypes,1,Medaillon
bfa1c2f0-26d2-537e-a76c-db67eee1a50b,tg:lhsc:1175,GenreTypes,1,Staande Figuur
727e8e1d-b370-5015-aedf-779eab941f65,tg:lhsc:793,GenreTypes,1,Buste
c7a6f5f1-5e91-5ff6-a504-6c5bba12bd97,tg:lhsc:9396,GenreTypes,1,Buste
10be1bf9-91b6-59f1-b88c-1984c34ba8b9,tg:lhsc:951,GenreTypes,1,Hand
ca7e59d9-8750-59a9-8dfe-74aafe30e832,tg:lhsc:1067,GenreTypes,1,Buste
dbc7c187-c615-5aab-8bcd-2742527b46c3,tg:lhsc:1122,GenreTypes,1,Kop
2d6dcc83-5781-5eb5-9b03-bb4b78bf479b,tg:lhsc:1088,GenreTypes,1,Buste
c0f66727-3e77-5c28-a041-f18fc93a4d08,tg:lhsc:814,GenreTypes,1,Buste
ef68ab35-bc2c-53f6-98b8-1967ecdff281,tg:lhsc:681,GenreTypes,1,Buste
ed594d3d-4795-5f49-b5bb-059850fb6cd4,tg:lhsc:7202,GenreTypes,1,Kop
5487ed2c-a551-5d98-bc85-78172ad4a291,tg:lhsc:863,GenreTypes,1,Plaquette
2d3b1b85-eca0-54dd-9c39-d92a02e5752e,tg:lhsc:1505,GenreTypes,1,Kop
8c4e6b38-7a91-5033-aa4a-9f5709820e12,tg:lhsc:1155,GenreTypes,1,Buste
2bd66a03-306e-55dd-838b-309fb39af32e,tg:lhsc:1010,GenreTypes,1,Dodenmasker
bf96608d-753a-5c57-a9d0-a602f1e9057a,tg:lhsc:9420,GenreTypes,1,Staande Figuur
ced80353-fc78-53ab-a868-0d996703ca66,tg:lhsc:926,GenreTypes,1,Medaillon
30be87e9-c6f3-57c7-aad2-72ddba36db3d,tg:lhsc:1102,GenreTypes,1,Buste
a29b6cb8-ec94-5ddf-ab2c-1ae61f17d21c,tg:lhsc:834,GenreTypes,1,Buste
f978b41d-65a3-580b-ad16-e9195f0b9bf6,tg:lhsc:971,GenreTypes,1,Dodenmasker
4930a737-db76-5bf0-b204-1fe95c535cff,tg:lhsc:1047,GenreTypes,1,Buste
1ee11a6a-4b9d-5d94-a690-1450444c1921,tg:lhsc:422,GenreTypes,1,Hand
4ec4c0fb-1f98-5af3-bbe5-a8b5878c03e9,tg:lhsc:1682,GenreTypes,1,Kop
2bf45409-536a-54a1-bd7e-a5a993708d80,tg:lhsc:658,GenreTypes,1,Buste
d34d12cb-12b6-5f38-bda5-68cf24c2eb02,tg:lhsc:988,GenreTypes,1,Dodenmasker
8d4d8b88-12e9-574d-96b0-f27ace9b9d40,tg:lhsc:822,GenreTypes,1,Kop
e1cc6e01-67cd-5af9-8405-7a6da020b4d7,tg:lhsc:1114,GenreTypes,1,Kop
bc2444b5-5617-54a9-a1ff-7afa4721d382,tg:lhsc:434,GenreTypes,1,Buste
48e50e0a-b417-5fa5-9ade-89e5952a3bde,tg:lhsc:1051,GenreTypes,1,Kop
e139c953-86b0-5026-9242-677617f4d006,tg:lhsc:967,GenreTypes,1,Dodenmasker
071410d6-ebbc-555d-b462-d442afa25a32,tg:lhsc:1285,GenreTypes,1,Kop
66ec64aa-990e-5a1d-8c38-097336e45e54,tg:lhsc:1143,GenreTypes,1,Buste
494cd8c9-8e86-564e-83f5-6ada0f7dd08b,tg:lhsc:875,GenreTypes,1,Medaillon
61125567-20e3-5ca0-9475-76b3d557749d,tg:lhsc:930,GenreTypes,1,Plaquette
822b1bd2-6615-5745-809b-44d05804bd0e,tg:lhsc:1006,GenreTypes,1,Dodenmasker
ff7211c2-1047-5fc7-8798-08f247c29d23,tg:lhsc:674,GenreTypes,1,Buste
418183cc-9cf9-500b-b5fe-1df2f3cb30f8,tg:lhsc:1211,GenreTypes,1,Hand
30c4524e-873f-5b30-a6e0-30846cd8a04c,tg:lhsc:731,GenreTypes,1,Medaillon
8f33344a-cec6-542a-8ee4-021cb1b3f60c,tg:lhsc:418,GenreTypes,1,Buste
25ffd575-fdf3-5746-9060-223801077843,tg:lhsc:1138,GenreTypes,1,Kop
9b91bd9a-75c6-5780-8a81-51325fba0753,tg:lhsc:1092,GenreTypes,1,Staande Figuur
385ba6a8-570c-50ec-a69c-c458633fcbb4,tg:lhsc:55,GenreTypes,1,Buste
c0548f3e-555a-5fd6-80e1-d01a4b1d77e8,tg:lhsc:789,GenreTypes,1,Kop
2ae1f4b2-6010-5f95-a2d5-b60e3c5cb9d8,tg:lhsc:1246,GenreTypes,1,Buste
6e5534cc-2770-5192-8cad-eb5864daaba1,tg:lhsc:1303,GenreTypes,1,Kop
5b2e49b2-6e32-52a6-a327-1123bb323982,tg:lhsc:766,GenreTypes,1,Medaillon
5479cb3e-925c-54f4-9098-a319159c5b53,tg:lhsc:3017,GenreTypes,1,Medaillon
a65886d4-67d1-56cd-b8fb-dca67e7cd31d,tg:lhsc:859,GenreTypes,1,Medaillon
181b496c-459c-503e-8626-43638f131ada,tg:lhsc:770,GenreTypes,1,Plaquette
0fe73a8c-a072-55d8-90c0-50ae1428b55e,tg:lhsc:1315,GenreTypes,1,Kop
01173118-1065-5ac0-95a5-84cd3d650f70,tg:lhsc:1196,GenreTypes,1,Buste
79b01f37-1ec8-5a37-8bc7-b2a072d69267,tg:lhsc:459,GenreTypes,1,Kop
e5a28f1b-7f4c-5158-be75-65acacb94d34,tg:lhsc:5993,GenreTypes,1,Hand
557a2927-5f17-54c0-b50c-d4fb67153260,tg:lhsc:14,GenreTypes,1,Hand
bb089406-ca8d-503f-a8e4-ed5aa6f06b82,tg:lhsc:1207,GenreTypes,1,Masker
d20ac281-3634-5e90-a980-f1f69c72208e,tg:lhsc:662,GenreTypes,1,Buste
f355480b-50bd-539f-99b2-53bbdf47e328,tg:lhsc:727,GenreTypes,1,Plaquette
ca9ea5c1-11d4-5368-9ae2-eff758578042,tg:lhsc:818,GenreTypes,1,Zitbeeld; Zittende Figuur
7d828dde-5022-5185-b571-6507036f98e9,tg:lhsc:1084,GenreTypes,1,Kop
f4f4dd68-5b3e-51b9-b4dd-51029c6e60ef,tg:lhsc:819,GenreTypes,1,Buste
61ddb2c8-b2fb-5593-8449-1b7b9bba4641,tg:lhsc:1085,GenreTypes,1,Staande Figuur
33ba87ca-e3e2-5f0b-a0da-54800254fed4,tg:lhsc:1206,GenreTypes,1,Assemblage
5641ad3b-ccb3-5d97-8b18-08527fcbea95,tg:lhsc:663,GenreTypes,1,Buste
b140f157-2714-50d6-8112-c0a4026aee4b,tg:lhsc:726,GenreTypes,1,Plaquette
b51ea203-5cca-59d1-b80f-f4e8d27d89db,tg:lhsc:1713,GenreTypes,1,Kop
9f875d4f-ad0e-5eb4-ab94-01d977a19f3d,tg:lhsc:458,GenreTypes,1,Kop
5207c159-41bb-5b3f-8fd7-300dcee471c6,tg:lhsc:1197,GenreTypes,1,Buste
8660762f-2bf3-5489-8f2d-55b9b4102423,tg:lhsc:5707,GenreTypes,1,Buste
7c101a7d-60ca-5ee5-8925-2e643860ee68,tg:lhsc:771,GenreTypes,1,Plaquette
a80de244-ca2b-52b0-b5e1-dd744cdb32e0,tg:lhsc:1314,GenreTypes,1,Buste
a5a86fcf-1918-535a-adc5-b11ff70f0d0a,tg:lhsc:1181,GenreTypes,1,Staande Figuur
da4d26b9-3494-58eb-a3e5-fec736bdc5f2,tg:lhsc:858,GenreTypes,1,Medaillon
84ccb988-4a72-5044-bf7c-87edddc494b8,tg:lhsc:1247,GenreTypes,1,Kop
2ee9af4c-3202-503e-9945-831510b965dc,tg:lhsc:788,GenreTypes,1,Buste
ee802100-1988-5c02-8dbd-943734478623,tg:lhsc:1302,GenreTypes,1,Kop
261d88ba-04a0-5a5a-bbac-77a5473d9fec,tg:lhsc:767,GenreTypes,1,Plaquette
182c0fe6-dfbc-5b48-8ae3-4d9aea743a05,tg:lhsc:419,GenreTypes,1,Buste
19ec3288-d8d7-5790-9077-4d295ef130e5,tg:lhsc:1139,GenreTypes,1,Buste
156363b4-e6bc-576e-aa4e-6b592655c021,tg:lhsc:1093,GenreTypes,1,Buste
62f09597-12e3-5551-8219-0ce0c702e417,tg:lhsc:54,GenreTypes,1,Kop
487290e6-3ccc-5c9a-b92d-9dc2f9a9c9a3,tg:lhsc:675,GenreTypes,1,Buste
10e0f45c-f53f-548c-b41a-09fda63f9b51,tg:lhsc:1210,GenreTypes,1,Dodenmasker
3cf1398d-3f14-5a7b-a8cb-1f99815cbd7e,tg:lhsc:730,GenreTypes,1,Medaillon
515f8822-6212-53e2-8c27-6cab4174d8e7,tg:lhsc:1355,GenreTypes,1,Medaillon
be21c910-3883-52f6-b718-c0e5a54fb85e,tg:lhsc:1142,GenreTypes,1,Plaquette
b83b6896-2838-5115-924a-112638ad3fb9,tg:lhsc:874,GenreTypes,1,Medaillon
a19cfbbe-8987-5973-9112-fdb4ebf9138a,tg:lhsc:931,GenreTypes,1,Plaquette
6e2f4838-97e1-566b-ba55-c5f4eabcf369,tg:lhsc:1007,GenreTypes,1,Dodenmasker
a1db3141-1e78-5fbc-95c6-65cb8a994038,tg:lhsc:989,GenreTypes,1,Dodenmasker
f4a7f23b-c198-5519-8507-7bdf7a993d9c,tg:lhsc:823,GenreTypes,1,Buste
627eba14-0b50-5503-9960-9a918e747003,tg:lhsc:1115,GenreTypes,1,Staande Figuur
c977edf8-c801-5147-8c27-1c50f2100a3c,tg:lhsc:435,GenreTypes,1,Buste
2b6e455b-0af4-5c28-a6da-bd247487aa6c,tg:lhsc:1050,GenreTypes,1,Buste
562d1445-90c7-54f2-be37-7ddcfb2e369a,tg:lhsc:966,GenreTypes,1,Dodenmasker
8da4a8b2-f15c-5374-98ae-28505b1dcfe5,tg:lhsc:1103,GenreTypes,1,Kop
ddf74de8-9208-5fdc-94d0-5bf1b65d1c2f,tg:lhsc:835,GenreTypes,1,Basreliëf
dbe408b4-e5ef-57a7-b612-108b793f8e75,tg:lhsc:970,GenreTypes,1,Dodenmasker
b88877f8-c842-5ed4-a2dd-3b06eb77732f,tg:lhsc:1046,GenreTypes,1,Buste
46ad6b8c-ec36-5a2b-865a-5d003e27654c,tg:lhsc:423,GenreTypes,1,Hand
238a59d4-c5ea-5cc0-9fe2-1e1cae36270a,tg:lhsc:862,GenreTypes,1,Medaillon
58fd2cf5-8849-59d7-abff-44c65ea57e26,tg:lhsc:1154,GenreTypes,1,Buste
a75c5324-9424-5c3d-b879-a12d25b6833b,tg:lhsc:1011,GenreTypes,1,Dodenmasker
3ef02cd3-fb65-5708-9744-9972e4842114,tg:lhsc:927,GenreTypes,1,Medaillon
97fa0e1d-83e8-562a-837e-2f9911935313,tg:lhsc:950,GenreTypes,1,Hand
8e380887-3b7b-52e3-9a90-ed0622b19150,tg:lhsc:1066,GenreTypes,1,Kop
66b87bad-5e42-5cee-8df5-18b9e81d06fe,tg:lhsc:1123,GenreTypes,1,Kop
a8bdc25a-d444-56ae-af20-45e5561ab74d,tg:lhsc:1089,GenreTypes,1,Buste
5ddf167e-dbab-542e-946f-9d1f951cadb9,tg:lhsc:815,GenreTypes,1,Buste
0dd01bd3-ca78-5089-bc25-ba3f683414e8,tg:lhsc:792,GenreTypes,1,Kop
ff538795-2ac0-5511-a1ce-061eb74dc590,tg:lhsc:9397,GenreTypes,1,Dodenmasker
e2f3c7cb-1a0b-5b7c-af55-cd0cbdb2e4ef,tg:lhsc:7366,GenreTypes,1,Staande Figuur
22aed39c-4ba2-5a26-9f9c-5dc163a840f4,tg:lhsc:454,GenreTypes,1,Buste
d070a56f-93ff-5abe-a332-5e53ce35962a,tg:lhsc:9401,GenreTypes,1,Hand
6df47801-b992-5bb6-9924-b3681b9287fc,tg:lhsc:1031,GenreTypes,1,Dodenmasker
e858690f-d386-53cb-9308-befa24e1596e,tg:lhsc:907,GenreTypes,1,Medaillon
ab54441d-8e7a-56b5-81a0-565c53554e9b,tg:lhsc:842,GenreTypes,1,Plaquette
68bcd2cc-6f57-56be-b2ff-4a5bde444c70,tg:lhsc:1174,GenreTypes,1,Buste
31e68e27-5b44-5a5e-a8cd-2a75458fa02a,tg:lhsc:784,GenreTypes,1,Kop
102174a0-7b53-5909-b4b9-b88279f76911,tg:lhsc:9417,GenreTypes,1,Hand
fbdae5f8-1fe0-50b7-b9c2-f996c949ac13,tg:lhsc:442,GenreTypes,1,Buste
7d56d3ab-f34d-52f1-9d26-602f2328cc17,tg:lhsc:1162,GenreTypes,1,Buste
22fde1c5-d07d-51fb-ad0c-25f7208e2279,tg:lhsc:854,GenreTypes,1,Medaillon
3c6efece-48b3-572c-bdbc-1ffe415a5e7f,tg:lhsc:679,GenreTypes,1,Buste
55b579a6-bc8a-5bbe-a75b-53f859468548,tg:lhsc:696,GenreTypes,1,Medaillon
1f02a358-4e1f-5f24-8ee7-ca5994511f01,tg:lhsc:1359,GenreTypes,1,Kop
384c2094-ffdb-5e6b-a941-cc233144ea41,tg:lhsc:415,GenreTypes,1,Buste
a9e89f19-0cbf-5f85-a772-2f612fd51e67,tg:lhsc:1070,GenreTypes,1,Kop
d1e7fecc-653f-5a52-9291-4ac0926e2768,tg:lhsc:946,GenreTypes,1,Hand
0ebd8a68-dd1c-5d85-94b3-7e1c8ba53827,tg:lhsc:58,GenreTypes,1,Buste
681c09fb-3dc9-5711-ad95-118778ec78c8,tg:lhsc:803,GenreTypes,1,Buste
b96d9775-0aef-5c5c-9d48-e73cfb13e406,tg:lhsc:1135,GenreTypes,1,Buste
806fcaa1-5f42-5206-b414-973543930072,tg:lhsc:1322,GenreTypes,1,Basreliëf
8a4985e3-aacd-56cf-80c1-41606378f23d,tg:lhsc:747,GenreTypes,1,Medaillon
e5377af4-5fb9-5a0e-8e91-a15902842165,tg:lhsc:1288,GenreTypes,1,Buste
3379f8de-2255-5937-bfb8-517df923e0f3,tg:lhsc:1267,GenreTypes,1,Staande Figuur
4e7cba92-e390-52a4-b2b5-7e01bbd53f28,tg:lhsc:878,GenreTypes,1,Buste
20e3717c-6d30-5b69-9d9f-4c2733fc057f,tg:lhsc:897,GenreTypes,1,Medaillon
aa53c6dd-ce2e-57da-97d1-dbd783296a91,tg:lhsc:1725,GenreTypes,1,Kop
6bce3e71-4b30-5a88-b74b-ed7eb251210f,tg:lhsc:655,GenreTypes,1,Buste
36eeb357-d3a9-581a-b740-8d5ef5884338,tg:lhsc:1230,GenreTypes,1,Kop
05df0984-9f91-5566-9f1d-50ed6348c93b,tg:lhsc:1119,GenreTypes,1,Kop
38c4b6d6-df79-508b-a59f-3ed834bdc7bf,tg:lhsc:985,GenreTypes,1,Dodenmasker
c905a9ff-77b5-5260-823d-27d0251e57c2,tg:lhsc:439,GenreTypes,1,Buste
f10ac74c-0c3e-5b29-994c-fa066791679c,tg:lhsc:706,GenreTypes,1,Plaquette
8574ff45-19e0-5cbd-ba4e-4387fae54253,tg:lhsc:1733,GenreTypes,1,Buste
372b13c3-291f-552c-9891-8b74699fee61,tg:lhsc:1226,GenreTypes,1,Kop
584542a4-dbf9-581f-8a60-3239aef09603,tg:lhsc:1676,GenreTypes,1,Zitbeeld; Zittende Figuur
ad90f598-68f8-50f6-b034-d1f861b96243,tg:lhsc:993,GenreTypes,1,Dodenmasker
12fed4c4-8076-529c-b686-7f2e1e53b127,tg:lhsc:839,GenreTypes,1,Staande Figuur
b2855dea-3b80-5c23-8a5f-696f3ab1ff4e,tg:lhsc:751,GenreTypes,1,Medaillon
7fdf919f-f95d-5c22-ad86-52708efce7fe,tg:lhsc:1621,GenreTypes,1,Plaquette
1013de1e-f74a-5d4c-8ace-e60d34806322,tg:lhsc:1271,GenreTypes,1,Staande Figuur
eb31fc62-3b59-5e10-aca7-2254ac39a585,tg:lhsc:1158,GenreTypes,1,Buste
4bed8590-dc03-5353-b46d-f0707baabc44,tg:lhsc:881,GenreTypes,1,Medaillon
