brodace.id,code,not,lookup_file
tg:mpmtk:31_#1,tpe,NOT FOUND IN,materiaal_types.csv
tg:mpmtk:21_#1,tpe,NOT FOUND IN,materiaal_types.csv
tg:mpmtk:28_#1,tpe,NOT FOUND IN,materiaal_types.csv
tg:mpmtk:39_#1,tpe,NOT FOUND IN,materiaal_types.csv
tg:mpmtk:29_#1,tpe,NOT FOUND IN,materiaal_types.csv
tg:mpmtk:32_#1,tpe,NOT FOUND IN,materiaal_types.csv
tg:mpmtk:22_#1,tpe,NOT FOUND IN,materiaal_types.csv
tg:mpmtk:23_#1,tpe,NOT FOUND IN,materiaal_types.csv
tg:mpmtk:33_#1,tpe,NOT FOUND IN,materiaal_types.csv
tg:mpmtk:19_#1,tpe,NOT FOUND IN,materiaal_types.csv
tg:mpmtk:36_#1,tpe,NOT FOUND IN,materiaal_types.csv
tg:mpmtk:26_#1,tpe,NOT FOUND IN,materiaal_types.csv
tg:mpmtk:27_#1,tpe,NOT FOUND IN,materiaal_types.csv
tg:mpmtk:37_#1,tpe,NOT FOUND IN,materiaal_types.csv
tg:mpmtk:35_#1,tpe,NOT FOUND IN,materiaal_types.csv
tg:mpmtk:24_#1,tpe,NOT FOUND IN,materiaal_types.csv
tg:mpmtk:34_#1,tpe,NOT FOUND IN,materiaal_types.csv