ResourceID,order,db,record.id,brocade_place_name,Creation Place Note,au_id,au_uuid,au_place_name,Creation Place Note Type,Creation Place Note Language,Creation Place Widget
02dabf13-b4e9-548c-9d49-af862d749e3d,1,lhhs,tg:lhhs:12554,Antwerpen,,au::100141,81ac4db9-1e25-55a3-9b28-97c03f96b4ab,Antwerpen (Arrondissement Antwerpen),,,"dlod={""name"":""Antwerpen (Arrondissement Antwerpen)"",""ark"":""ark:/83110/x0/81ac4db9-1e25-55a3-9b28-97c03f96b4ab"",""uri"":""/subjects/12682"",""id"":""au::100141"",""isCapacity"":false,""orgID"":""digipolis"",""suggestType"":""place""}"
042b4055-477b-5766-a647-caf820ff4f50,1,lhhs,tg:lhhs:12947,Wilsele,,au::100967,4dac0536-e589-571f-8e9f-e7fa6280fb11,Wilsele (Leuven),,,"dlod={""name"":""Wilsele (Leuven)"",""ark"":""ark:/83110/x0/4dac0536-e589-571f-8e9f-e7fa6280fb11"",""uri"":""/subjects/8970"",""id"":""au::100967"",""isCapacity"":false,""orgID"":""digipolis"",""suggestType"":""place""}"
0c83a68b-1b6f-5617-8b03-28dde2d60d86,1,lhhs,tg:lhhs:10148,Antwerpen,,au::100141,81ac4db9-1e25-55a3-9b28-97c03f96b4ab,Antwerpen (Arrondissement Antwerpen),,,"dlod={""name"":""Antwerpen (Arrondissement Antwerpen)"",""ark"":""ark:/83110/x0/81ac4db9-1e25-55a3-9b28-97c03f96b4ab"",""uri"":""/subjects/12682"",""id"":""au::100141"",""isCapacity"":false,""orgID"":""digipolis"",""suggestType"":""place""}"
0e22586f-b46e-501f-9eee-bb33c6fb9eca,1,lhhs,tg:lhhs:13634,New York,,au::106421,1610f937-6357-5afe-8c71-2ed19cd1c8d4,New York City (New York State),,,"dlod={""name"":""New York City (New York State)"",""ark"":""ark:/83110/x0/1610f937-6357-5afe-8c71-2ed19cd1c8d4"",""uri"":""/subjects/9640"",""id"":""au::106421"",""isCapacity"":false,""orgID"":""digipolis"",""suggestType"":""place""}"
0fa7254d-fba5-54ef-87fa-da4eecbbc995,1,lhhs,tg:lhhs:10183,Antwerpen,,au::100141,81ac4db9-1e25-55a3-9b28-97c03f96b4ab,Antwerpen (Arrondissement Antwerpen),,,"dlod={""name"":""Antwerpen (Arrondissement Antwerpen)"",""ark"":""ark:/83110/x0/81ac4db9-1e25-55a3-9b28-97c03f96b4ab"",""uri"":""/subjects/12682"",""id"":""au::100141"",""isCapacity"":false,""orgID"":""digipolis"",""suggestType"":""place""}"
120db3b1-f26a-53ca-8f36-465612cec8a7,1,lhhs,tg:lhhs:10868,Antwerpen,,au::100141,81ac4db9-1e25-55a3-9b28-97c03f96b4ab,Antwerpen (Arrondissement Antwerpen),,,"dlod={""name"":""Antwerpen (Arrondissement Antwerpen)"",""ark"":""ark:/83110/x0/81ac4db9-1e25-55a3-9b28-97c03f96b4ab"",""uri"":""/subjects/12682"",""id"":""au::100141"",""isCapacity"":false,""orgID"":""digipolis"",""suggestType"":""place""}"
121d4243-975b-5df5-a888-47459b0e5c7b,1,lhhs,tg:lhhs:932,Elsene,,au::100108,8e29025b-1c0f-524d-a9ea-af4663e0d4ee,Elsene (Brussel-Hoofdstad),,,"dlod={""name"":""Elsene (Brussel-Hoofdstad)"",""ark"":""ark:/83110/x0/8e29025b-1c0f-524d-a9ea-af4663e0d4ee"",""uri"":""/subjects/14471"",""id"":""au::100108"",""isCapacity"":false,""orgID"":""digipolis"",""suggestType"":""place""}"
12702c4d-96d1-5230-9cf6-69e33117c0c5,1,lhhs,tg:lhhs:10617,Antwerpen,,au::100141,81ac4db9-1e25-55a3-9b28-97c03f96b4ab,Antwerpen (Arrondissement Antwerpen),,,"dlod={""name"":""Antwerpen (Arrondissement Antwerpen)"",""ark"":""ark:/83110/x0/81ac4db9-1e25-55a3-9b28-97c03f96b4ab"",""uri"":""/subjects/12682"",""id"":""au::100141"",""isCapacity"":false,""orgID"":""digipolis"",""suggestType"":""place""}"
1448935d-06a9-574f-b0cb-c6c91f670bf8,1,lhhs,tg:lhhs:922,"Taos, New Mexico","Taos, New Mexico",,,,remarks,Nederlands,
16eca426-4292-5223-b195-c79965a04561,1,lhhs,tg:lhhs:20555,,,au::104810,636962b7-6ad0-5b44-83b4-9eb0958ecb76,Amsterdam (Noord-Holland),,,"dlod={""name"":""Amsterdam (Noord-Holland)"",""ark"":""ark:/83110/x0/636962b7-6ad0-5b44-83b4-9eb0958ecb76"",""uri"":""/subjects/13849"",""id"":""au::104810"",""isCapacity"":false,""orgID"":""digipolis"",""suggestType"":""place""}"
1826248f-a05c-5a30-b309-764087de7c5f,1,lhhs,tg:lhhs:20484,,,au::100267,cfc8c28c-eccf-5d7a-a2ed-75864b2457fe,Grobbendonk (Turnhout),,,"dlod={""name"":""Grobbendonk (Turnhout)"",""ark"":""ark:/83110/x0/cfc8c28c-eccf-5d7a-a2ed-75864b2457fe"",""uri"":""/subjects/8969"",""id"":""au::100267"",""isCapacity"":false,""orgID"":""digipolis"",""suggestType"":""place""}"
1d630b85-2b8b-5628-be58-5200265802d0,1,lhhs,tg:lhhs:11489,Antwerpen,,au::100141,81ac4db9-1e25-55a3-9b28-97c03f96b4ab,Antwerpen (Arrondissement Antwerpen),,,"dlod={""name"":""Antwerpen (Arrondissement Antwerpen)"",""ark"":""ark:/83110/x0/81ac4db9-1e25-55a3-9b28-97c03f96b4ab"",""uri"":""/subjects/12682"",""id"":""au::100141"",""isCapacity"":false,""orgID"":""digipolis"",""suggestType"":""place""}"
1e63a3f6-8201-5ef5-9182-247811cd5b93,1,lhhs,tg:lhhs:12717,Alveringem,,au::101237,dfde67db-fc14-5e2d-a093-983b1d501f13,Alveringem (Arrondissement Veurne),,,"dlod={""name"":""Alveringem (Arrondissement Veurne)"",""ark"":""ark:/83110/x0/dfde67db-fc14-5e2d-a093-983b1d501f13"",""uri"":""/subjects/15350"",""id"":""au::101237"",""isCapacity"":false,""orgID"":""digipolis"",""suggestType"":""place""}"
1f691f5e-1cb9-5b76-9aaf-95b42d16d7b0,1,lhhs,tg:lhhs:12896,Antwerpen,,au::100141,81ac4db9-1e25-55a3-9b28-97c03f96b4ab,Antwerpen (Arrondissement Antwerpen),,,"dlod={""name"":""Antwerpen (Arrondissement Antwerpen)"",""ark"":""ark:/83110/x0/81ac4db9-1e25-55a3-9b28-97c03f96b4ab"",""uri"":""/subjects/12682"",""id"":""au::100141"",""isCapacity"":false,""orgID"":""digipolis"",""suggestType"":""place""}"
20081a60-a08b-5665-9c6b-db3395658fa7,1,lhhs,tg:lhhs:9344,Parijs,,au::102849,826b2ba0-7ecc-592c-877e-efeef61aeecb,Parijs (Paris),,,"dlod={""name"":""Parijs (Paris)"",""ark"":""ark:/83110/x0/826b2ba0-7ecc-592c-877e-efeef61aeecb"",""uri"":""/subjects/14911"",""id"":""au::102849"",""isCapacity"":false,""orgID"":""digipolis"",""suggestType"":""place""}"
21bb6be7-8fb0-54bd-a404-3c934d5f01ed,1,lhhs,tg:lhhs:13003,Antwerpen,,au::100141,81ac4db9-1e25-55a3-9b28-97c03f96b4ab,Antwerpen (Arrondissement Antwerpen),,,"dlod={""name"":""Antwerpen (Arrondissement Antwerpen)"",""ark"":""ark:/83110/x0/81ac4db9-1e25-55a3-9b28-97c03f96b4ab"",""uri"":""/subjects/12682"",""id"":""au::100141"",""isCapacity"":false,""orgID"":""digipolis"",""suggestType"":""place""}"
232798f0-3327-5078-8db2-181ee1993197,1,lhhs,tg:lhhs:14045,Amsterdam,,au::104810,636962b7-6ad0-5b44-83b4-9eb0958ecb76,Amsterdam (Noord-Holland),,,"dlod={""name"":""Amsterdam (Noord-Holland)"",""ark"":""ark:/83110/x0/636962b7-6ad0-5b44-83b4-9eb0958ecb76"",""uri"":""/subjects/13849"",""id"":""au::104810"",""isCapacity"":false,""orgID"":""digipolis"",""suggestType"":""place""}"
2497637e-48c7-57f5-b229-66e356a02b57,1,lhhs,tg:lhhs:13763,Kortrijk,,au::101140,fab9cfc9-8dcc-5c3b-aec2-1e033d4d2bfd,Kortrijk (Kortrijk),,,"dlod={""name"":""Kortrijk (Kortrijk)"",""ark"":""ark:/83110/x0/939c6b0a-0ca6-5d2a-b0d5-74502883d5da"",""uri"":""/subjects/14496"",""id"":""au::101140"",""isCapacity"":false,""orgID"":""digipolis"",""suggestType"":""place""}"
29ee8be2-a818-5a60-ba29-cb38f0677e31,1,lhhs,tg:lhhs:11442,Antwerpen,,au::100141,81ac4db9-1e25-55a3-9b28-97c03f96b4ab,Antwerpen (Arrondissement Antwerpen),,,"dlod={""name"":""Antwerpen (Arrondissement Antwerpen)"",""ark"":""ark:/83110/x0/81ac4db9-1e25-55a3-9b28-97c03f96b4ab"",""uri"":""/subjects/12682"",""id"":""au::100141"",""isCapacity"":false,""orgID"":""digipolis"",""suggestType"":""place""}"
2deed50d-a00f-529e-a309-7656910618a2,1,lhhs,tg:lhhs:20979,Antwerpen,,au::100141,81ac4db9-1e25-55a3-9b28-97c03f96b4ab,Antwerpen (Arrondissement Antwerpen),,,"dlod={""name"":""Antwerpen (Arrondissement Antwerpen)"",""ark"":""ark:/83110/x0/81ac4db9-1e25-55a3-9b28-97c03f96b4ab"",""uri"":""/subjects/12682"",""id"":""au::100141"",""isCapacity"":false,""orgID"":""digipolis"",""suggestType"":""place""}"
2fbbdd43-7f01-54f5-930a-78f0d9d7cc03,1,lhhs,tg:lhhs:10986,Antwerpen,,au::100141,81ac4db9-1e25-55a3-9b28-97c03f96b4ab,Antwerpen (Arrondissement Antwerpen),,,"dlod={""name"":""Antwerpen (Arrondissement Antwerpen)"",""ark"":""ark:/83110/x0/81ac4db9-1e25-55a3-9b28-97c03f96b4ab"",""uri"":""/subjects/12682"",""id"":""au::100141"",""isCapacity"":false,""orgID"":""digipolis"",""suggestType"":""place""}"
2fcdc5c7-c634-5a08-b98a-f270ad922f33,1,lhhs,tg:lhhs:10585,Antwerpen,,au::100141,81ac4db9-1e25-55a3-9b28-97c03f96b4ab,Antwerpen (Arrondissement Antwerpen),,,"dlod={""name"":""Antwerpen (Arrondissement Antwerpen)"",""ark"":""ark:/83110/x0/81ac4db9-1e25-55a3-9b28-97c03f96b4ab"",""uri"":""/subjects/12682"",""id"":""au::100141"",""isCapacity"":false,""orgID"":""digipolis"",""suggestType"":""place""}"
30baba7c-e4d5-5fda-b83f-52bc9f2f8ae9,1,lhhs,tg:lhhs:7928,Parijs,,au::102849,826b2ba0-7ecc-592c-877e-efeef61aeecb,Parijs (Paris),,,"dlod={""name"":""Parijs (Paris)"",""ark"":""ark:/83110/x0/826b2ba0-7ecc-592c-877e-efeef61aeecb"",""uri"":""/subjects/14911"",""id"":""au::102849"",""isCapacity"":false,""orgID"":""digipolis"",""suggestType"":""place""}"
34dd7878-895c-53e8-a538-283cd7015d59,1,lhhs,tg:lhhs:19626,,,au::100123,5906338c-2fde-5593-bdba-fe5e5e3b06ca,Ukkel (Brussel-Hoofdstad),,,"dlod={""name"":""Ukkel (Brussel-Hoofdstad)"",""ark"":""ark:/83110/x0/5906338c-2fde-5593-bdba-fe5e5e3b06ca"",""uri"":""/subjects/14830"",""id"":""au::100123"",""isCapacity"":false,""orgID"":""digipolis"",""suggestType"":""place""}"
3505f1b2-72bf-56d4-9d1f-378c3a208209,1,lhhs,tg:lhhs:20257,,,au::100231,8edb9f04-ad85-5c4a-aa2c-b4e509be84f2,Mechelen (Mechelen),,,"dlod={""name"":""Mechelen (Mechelen)"",""ark"":""ark:/83110/x0/8edb9f04-ad85-5c4a-aa2c-b4e509be84f2"",""uri"":""/subjects/15408"",""id"":""au::100231"",""isCapacity"":false,""orgID"":""digipolis"",""suggestType"":""place""}"
3540045f-7057-5fe3-a083-0861fdc945af,1,lhhs,tg:lhhs:10263,Antwerpen,,au::100141,81ac4db9-1e25-55a3-9b28-97c03f96b4ab,Antwerpen (Arrondissement Antwerpen),,,"dlod={""name"":""Antwerpen (Arrondissement Antwerpen)"",""ark"":""ark:/83110/x0/81ac4db9-1e25-55a3-9b28-97c03f96b4ab"",""uri"":""/subjects/12682"",""id"":""au::100141"",""isCapacity"":false,""orgID"":""digipolis"",""suggestType"":""place""}"
35f51b7b-4e11-5fbc-8df1-2692e34d43c3,1,lhhs,tg:lhhs:18226,,,au::100141,81ac4db9-1e25-55a3-9b28-97c03f96b4ab,Antwerpen (Arrondissement Antwerpen),,,"dlod={""name"":""Antwerpen (Arrondissement Antwerpen)"",""ark"":""ark:/83110/x0/81ac4db9-1e25-55a3-9b28-97c03f96b4ab"",""uri"":""/subjects/12682"",""id"":""au::100141"",""isCapacity"":false,""orgID"":""digipolis"",""suggestType"":""place""}"
3699c0f6-df46-51ef-ad64-475982a4d2a4,1,lhhs,tg:lhhs:18075,,,au::100105,99596b2b-2b42-50f2-8ec3-d578638b6d71,Brussel (Brussel-Hoofdstad),,,"dlod={""name"":""Brussel (Brussel-Hoofdstad)"",""ark"":""ark:/83110/x0/99596b2b-2b42-50f2-8ec3-d578638b6d71"",""uri"":""/subjects/11477"",""id"":""au::100105"",""isCapacity"":false,""orgID"":""digipolis"",""suggestType"":""place""}"
39a2270a-9574-539f-adc2-05faeebe61e7,1,lhhs,tg:lhhs:13773,Kortrijk,,au::101140,fab9cfc9-8dcc-5c3b-aec2-1e033d4d2bfd,Kortrijk (Kortrijk),,,"dlod={""name"":""Kortrijk (Kortrijk)"",""ark"":""ark:/83110/x0/939c6b0a-0ca6-5d2a-b0d5-74502883d5da"",""uri"":""/subjects/14496"",""id"":""au::101140"",""isCapacity"":false,""orgID"":""digipolis"",""suggestType"":""place""}"
3bc1d0be-59fa-51e1-acd7-58ac27bdd9e2,1,lhhs,tg:lhhs:11611,Antwerpen,,au::100141,81ac4db9-1e25-55a3-9b28-97c03f96b4ab,Antwerpen (Arrondissement Antwerpen),,,"dlod={""name"":""Antwerpen (Arrondissement Antwerpen)"",""ark"":""ark:/83110/x0/81ac4db9-1e25-55a3-9b28-97c03f96b4ab"",""uri"":""/subjects/12682"",""id"":""au::100141"",""isCapacity"":false,""orgID"":""digipolis"",""suggestType"":""place""}"
3e92e063-0ac9-54b0-b40f-a3cab738253e,1,lhhs,tg:lhhs:3167,Oostende,,au::101189,85eef20d-fd03-5f99-8acd-368b74b9456f,Oostende (Oostende),,,"dlod={""name"":""Oostende (Oostende)"",""ark"":""ark:/83110/x0/06947c9d-bb2e-5b3e-9368-6e60f61738da"",""uri"":""/subjects/14080"",""id"":""au::101189"",""isCapacity"":false,""orgID"":""digipolis"",""suggestType"":""place""}"
42a8a8bb-2b78-5697-8251-132f38c12035,1,lhhs,tg:lhhs:11663,Antwerpen,,au::100141,81ac4db9-1e25-55a3-9b28-97c03f96b4ab,Antwerpen (Arrondissement Antwerpen),,,"dlod={""name"":""Antwerpen (Arrondissement Antwerpen)"",""ark"":""ark:/83110/x0/81ac4db9-1e25-55a3-9b28-97c03f96b4ab"",""uri"":""/subjects/12682"",""id"":""au::100141"",""isCapacity"":false,""orgID"":""digipolis"",""suggestType"":""place""}"
43f277dd-3ed3-57d1-8a20-b16eb3e60bc7,1,lhhs,tg:lhhs:11275,Leuven,,au::100963,aa4c5bc2-daba-5649-a7eb-9f44fc6106f3,Leuven (Leuven),,,"dlod={""name"":""Leuven (Leuven)"",""ark"":""ark:/83110/x0/a0ba2368-b2db-57ce-a269-7ed06a8423fe"",""uri"":""/subjects/11733"",""id"":""au::100963"",""isCapacity"":false,""orgID"":""digipolis"",""suggestType"":""place""}"
449642d0-a275-5901-9fb3-cafa77c5756d,1,lhhs,tg:lhhs:11420,Gevangenis van Turnhout,,au::100307,3eecfeb9-c9bf-54a0-a02b-986026e248fe,Turnhout (Turnhout),,,"dlod={""name"":""Turnhout (Turnhout)"",""ark"":""ark:/83110/x0/3eecfeb9-c9bf-54a0-a02b-986026e248fe"",""uri"":""/subjects/13713"",""id"":""au::100307"",""isCapacity"":false,""orgID"":""digipolis"",""suggestType"":""place""}"
47628e28-a9fe-5583-be66-1ef29cd65c2f,1,lhhs,tg:lhhs:2054,Amsterdam,,au::104810,636962b7-6ad0-5b44-83b4-9eb0958ecb76,Amsterdam (Noord-Holland),,,"dlod={""name"":""Amsterdam (Noord-Holland)"",""ark"":""ark:/83110/x0/636962b7-6ad0-5b44-83b4-9eb0958ecb76"",""uri"":""/subjects/13849"",""id"":""au::104810"",""isCapacity"":false,""orgID"":""digipolis"",""suggestType"":""place""}"
4a50a837-8ab3-5c9c-a984-54f27ba75a43,1,lhhs,tg:lhhs:11687,Antwerpen,,au::100141,81ac4db9-1e25-55a3-9b28-97c03f96b4ab,Antwerpen (Arrondissement Antwerpen),,,"dlod={""name"":""Antwerpen (Arrondissement Antwerpen)"",""ark"":""ark:/83110/x0/81ac4db9-1e25-55a3-9b28-97c03f96b4ab"",""uri"":""/subjects/12682"",""id"":""au::100141"",""isCapacity"":false,""orgID"":""digipolis"",""suggestType"":""place""}"
4b2f82f3-98bc-5d2f-85c9-1d94f51721b0,1,lhhs,tg:lhhs:10020,Antwerpen,,au::100141,81ac4db9-1e25-55a3-9b28-97c03f96b4ab,Antwerpen (Arrondissement Antwerpen),,,"dlod={""name"":""Antwerpen (Arrondissement Antwerpen)"",""ark"":""ark:/83110/x0/81ac4db9-1e25-55a3-9b28-97c03f96b4ab"",""uri"":""/subjects/12682"",""id"":""au::100141"",""isCapacity"":false,""orgID"":""digipolis"",""suggestType"":""place""}"
4b579226-5c93-5b38-b102-f839a8356a7a,1,lhhs,tg:lhhs:14582,Kortijk,,au::101140,939c6b0a-0ca6-5d2a-b0d5-74502883d5da,Kortrijk (Kortrijk),,,"dlod={""name"":""Kortrijk (Kortrijk)"",""ark"":""ark:/83110/x0/939c6b0a-0ca6-5d2a-b0d5-74502883d5da"",""uri"":""/subjects/14496"",""id"":""au::101140"",""isCapacity"":false,""orgID"":""digipolis"",""suggestType"":""place""}"
4b6e482b-ed5f-5e14-b43f-40438cc27d11,1,lhhs,tg:lhhs:19953,,,au::102807,2df6a2e3-2ed4-5949-820e-9c0877e06876,FÈcamp (Arrondissement du Havre),,,"dlod={""name"":""Fécamp (Arrondissement du Havre)"",""ark"":""ark:/83110/x0/2df6a2e3-2ed4-5949-820e-9c0877e06876"",""uri"":""/subjects/15430"",""id"":""au::102807"",""isCapacity"":false,""orgID"":""digipolis"",""suggestType"":""place""}"
4b6e482b-ed5f-5e14-b43f-40438cc27d11,2,lhhs,tg:lhhs:19953,,,au::102615,b5de20da-e997-5f97-b262-5aa46d1f9547,Bretagne (Frankrijk),,,"dlod={""name"":""Bretagne (Frankrijk)"",""ark"":""ark:/83110/x0/b5de20da-e997-5f97-b262-5aa46d1f9547"",""uri"":""/subjects/15441"",""id"":""au::102615"",""isCapacity"":false,""orgID"":""digipolis"",""suggestType"":""place""}"
4b6e482b-ed5f-5e14-b43f-40438cc27d11,3,lhhs,tg:lhhs:19953,,,au::101249,9179f45d-7a8f-5642-a6f4-1d52cd57d53e,Nieuwpoort (Arrondissement Veurne),,,"dlod={""name"":""Nieuwpoort (Arrondissement Veurne)"",""ark"":""ark:/83110/x0/9179f45d-7a8f-5642-a6f4-1d52cd57d53e"",""uri"":""/subjects/12700"",""id"":""au::101249"",""isCapacity"":false,""orgID"":""digipolis"",""suggestType"":""place""}"
4bd2c16d-654e-5074-ac9b-9111ebcd254e,1,lhhs,tg:lhhs:10042,Antwerpen,,au::100141,81ac4db9-1e25-55a3-9b28-97c03f96b4ab,Antwerpen (Arrondissement Antwerpen),,,"dlod={""name"":""Antwerpen (Arrondissement Antwerpen)"",""ark"":""ark:/83110/x0/81ac4db9-1e25-55a3-9b28-97c03f96b4ab"",""uri"":""/subjects/12682"",""id"":""au::100141"",""isCapacity"":false,""orgID"":""digipolis"",""suggestType"":""place""}"
4c6929b8-d0f2-5ea6-915c-9ca31f017480,1,lhhs,tg:lhhs:11990,Antwerpen,,au::100141,81ac4db9-1e25-55a3-9b28-97c03f96b4ab,Antwerpen (Arrondissement Antwerpen),,,"dlod={""name"":""Antwerpen (Arrondissement Antwerpen)"",""ark"":""ark:/83110/x0/81ac4db9-1e25-55a3-9b28-97c03f96b4ab"",""uri"":""/subjects/12682"",""id"":""au::100141"",""isCapacity"":false,""orgID"":""digipolis"",""suggestType"":""place""}"
4dca6e20-b4ac-50aa-95a3-73c833077dfe,1,lhhs,tg:lhhs:7280,Leuven,,au::100963,aa4c5bc2-daba-5649-a7eb-9f44fc6106f3,Leuven (Leuven),,,"dlod={""name"":""Leuven (Leuven)"",""ark"":""ark:/83110/x0/a0ba2368-b2db-57ce-a269-7ed06a8423fe"",""uri"":""/subjects/11733"",""id"":""au::100963"",""isCapacity"":false,""orgID"":""digipolis"",""suggestType"":""place""}"
4e9fc114-6c7e-5554-b73f-889baa3fdc2c,1,lhhs,tg:lhhs:11916,Wilrijk,,au::100154,12489270-c318-50ad-b7ba-f8c63fe48a74,Wilrijk (Antwerpen),,,"dlod={""name"":""Wilrijk (Antwerpen)"",""ark"":""ark:/83110/x0/12489270-c318-50ad-b7ba-f8c63fe48a74"",""uri"":""/subjects/8631"",""id"":""au::100154"",""isCapacity"":false,""orgID"":""digipolis"",""suggestType"":""place""}"
4ebed90f-94e8-5973-bba8-53b3fa73786a,1,lhhs,tg:lhhs:8079,Linz,,au::105349,767f8ec8-766e-5883-a075-ec7de6953663,Linz (Linz Stadt),,,"dlod={""name"":""Linz (Linz Stadt)"",""ark"":""ark:/83110/x0/767f8ec8-766e-5883-a075-ec7de6953663"",""uri"":""/subjects/13558"",""id"":""au::105349"",""isCapacity"":false,""orgID"":""digipolis"",""suggestType"":""place""}"
51e32dcc-f192-592f-93b3-cadb80198e07,1,lhhs,tg:lhhs:10962,Antwerpen,,au::100141,81ac4db9-1e25-55a3-9b28-97c03f96b4ab,Antwerpen (Arrondissement Antwerpen),,,"dlod={""name"":""Antwerpen (Arrondissement Antwerpen)"",""ark"":""ark:/83110/x0/81ac4db9-1e25-55a3-9b28-97c03f96b4ab"",""uri"":""/subjects/12682"",""id"":""au::100141"",""isCapacity"":false,""orgID"":""digipolis"",""suggestType"":""place""}"
5365498a-ff0b-5900-96aa-3b01750bd778,1,lhhs,tg:lhhs:21108,,,au::101457,fbcec500-4123-5ef7-9a1e-92d4faf39acf,Luik (Luik),,,"dlod={""name"":""Luik (Luik)"",""ark"":""ark:/83110/x0/fbcec500-4123-5ef7-9a1e-92d4faf39acf"",""uri"":""/subjects/12940"",""id"":""au::101457"",""isCapacity"":false,""orgID"":""digipolis"",""suggestType"":""place""}"
53de2c42-5cff-5b5b-a530-a5f8a007b4b2,1,lhhs,tg:lhhs:20739,Olen,,au::100300,64bb047b-0b3b-5df0-9e02-447c37e8b3b6,Olen (Turnhout),,,"dlod={""name"":""Olen (Turnhout)"",""ark"":""ark:/83110/x0/64bb047b-0b3b-5df0-9e02-447c37e8b3b6"",""uri"":""/subjects/12044"",""id"":""au::100300"",""isCapacity"":false,""orgID"":""digipolis"",""suggestType"":""place""}"
55f408c6-6e80-5aa1-9f15-8f4676e28d3e,1,lhhs,tg:lhhs:10878,Antwerpen,,au::100141,81ac4db9-1e25-55a3-9b28-97c03f96b4ab,Antwerpen (Arrondissement Antwerpen),,,"dlod={""name"":""Antwerpen (Arrondissement Antwerpen)"",""ark"":""ark:/83110/x0/81ac4db9-1e25-55a3-9b28-97c03f96b4ab"",""uri"":""/subjects/12682"",""id"":""au::100141"",""isCapacity"":false,""orgID"":""digipolis"",""suggestType"":""place""}"
56958e45-6d1c-5cec-aa7b-071d76e078bd,1,lhhs,tg:lhhs:14037,Amsterdam,,au::104810,636962b7-6ad0-5b44-83b4-9eb0958ecb76,Amsterdam (Noord-Holland),,,"dlod={""name"":""Amsterdam (Noord-Holland)"",""ark"":""ark:/83110/x0/636962b7-6ad0-5b44-83b4-9eb0958ecb76"",""uri"":""/subjects/13849"",""id"":""au::104810"",""isCapacity"":false,""orgID"":""digipolis"",""suggestType"":""place""}"
575df118-9572-52aa-a176-0d2ba018c9d5,1,lhhs,tg:lhhs:4790,Ertvelde,,au::100646,3fec9223-a4ac-5e92-b028-de9aecb0298a,Ertvelde (Evergem),,,"dlod={""name"":""Ertvelde (Evergem)"",""ark"":""ark:/83110/x0/3fec9223-a4ac-5e92-b028-de9aecb0298a"",""uri"":""/subjects/8603"",""id"":""au::100646"",""isCapacity"":false,""orgID"":""digipolis"",""suggestType"":""place""}"
5823f74b-17e4-56a0-914e-8ac43abd5d6c,1,lhhs,tg:lhhs:5060,Kortrijk,,au::101140,fab9cfc9-8dcc-5c3b-aec2-1e033d4d2bfd,Kortrijk (Kortrijk),,,"dlod={""name"":""Kortrijk (Kortrijk)"",""ark"":""ark:/83110/x0/939c6b0a-0ca6-5d2a-b0d5-74502883d5da"",""uri"":""/subjects/14496"",""id"":""au::101140"",""isCapacity"":false,""orgID"":""digipolis"",""suggestType"":""place""}"
588cbcd3-a049-515b-984f-20c44b457953,1,lhhs,tg:lhhs:14112,Grobbendonk,,au::100267,cfc8c28c-eccf-5d7a-a2ed-75864b2457fe,Grobbendonk (Turnhout),,,"dlod={""name"":""Grobbendonk (Turnhout)"",""ark"":""ark:/83110/x0/cfc8c28c-eccf-5d7a-a2ed-75864b2457fe"",""uri"":""/subjects/8969"",""id"":""au::100267"",""isCapacity"":false,""orgID"":""digipolis"",""suggestType"":""place""}"
5bb65df5-3cde-562e-9a0d-df3e06c9f70b,1,lhhs,tg:lhhs:19491,,,au::100105,99596b2b-2b42-50f2-8ec3-d578638b6d71,Brussel (Brussel-Hoofdstad),,,"dlod={""name"":""Brussel (Brussel-Hoofdstad)"",""ark"":""ark:/83110/x0/99596b2b-2b42-50f2-8ec3-d578638b6d71"",""uri"":""/subjects/11477"",""id"":""au::100105"",""isCapacity"":false,""orgID"":""digipolis"",""suggestType"":""place""}"
5c485977-a10f-544d-96bb-e4526e61bc53,1,lhhs,tg:lhhs:7965,Blankenberge,,au::101021,3f071780-2abd-5bb8-94dd-bda2226215db,Blankenberge (Brugge),,,"dlod={""name"":""Blankenberge (Brugge)"",""ark"":""ark:/83110/x0/3f071780-2abd-5bb8-94dd-bda2226215db"",""uri"":""/subjects/10876"",""id"":""au::101021"",""isCapacity"":false,""orgID"":""digipolis"",""suggestType"":""place""}"
5ce237c4-b180-5b6e-8598-8e41ef2b0224,1,lhhs,tg:lhhs:10158,Antwerpen,,au::100141,81ac4db9-1e25-55a3-9b28-97c03f96b4ab,Antwerpen (Arrondissement Antwerpen),,,"dlod={""name"":""Antwerpen (Arrondissement Antwerpen)"",""ark"":""ark:/83110/x0/81ac4db9-1e25-55a3-9b28-97c03f96b4ab"",""uri"":""/subjects/12682"",""id"":""au::100141"",""isCapacity"":false,""orgID"":""digipolis"",""suggestType"":""place""}"
5d7322cd-9f18-5406-8b29-52bb6031105f,1,lhhs,tg:lhhs:1947,"Leopoldstad, Congo",,au::103947,85f30b14-7811-53df-b416-8a693d053d36,Kinshasa (Kinshasa City),,,"dlod={""name"":""Kinshasa (Kinshasa City)"",""ark"":""ark:/83110/x0/85f30b14-7811-53df-b416-8a693d053d36"",""uri"":""/subjects/15159"",""id"":""au::103947"",""isCapacity"":false,""orgID"":""digipolis"",""suggestType"":""place""}"
5ea888d8-52f0-5268-a8d0-92ddd8c07073,1,lhhs,tg:lhhs:11697,Antwerpen,,au::100141,81ac4db9-1e25-55a3-9b28-97c03f96b4ab,Antwerpen (Arrondissement Antwerpen),,,"dlod={""name"":""Antwerpen (Arrondissement Antwerpen)"",""ark"":""ark:/83110/x0/81ac4db9-1e25-55a3-9b28-97c03f96b4ab"",""uri"":""/subjects/12682"",""id"":""au::100141"",""isCapacity"":false,""orgID"":""digipolis"",""suggestType"":""place""}"
62c34000-6e6b-53d8-9886-db01777bdc24,1,lhhs,tg:lhhs:9730,Brussel,,au::100105,99596b2b-2b42-50f2-8ec3-d578638b6d71,Brussel (Brussel-Hoofdstad),,,"dlod={""name"":""Brussel (Brussel-Hoofdstad)"",""ark"":""ark:/83110/x0/99596b2b-2b42-50f2-8ec3-d578638b6d71"",""uri"":""/subjects/11477"",""id"":""au::100105"",""isCapacity"":false,""orgID"":""digipolis"",""suggestType"":""place""}"
62d154a4-c146-5780-9b7c-25937b219e96,1,lhhs,tg:lhhs:13085,Antwerpen,,au::100141,81ac4db9-1e25-55a3-9b28-97c03f96b4ab,Antwerpen (Arrondissement Antwerpen),,,"dlod={""name"":""Antwerpen (Arrondissement Antwerpen)"",""ark"":""ark:/83110/x0/81ac4db9-1e25-55a3-9b28-97c03f96b4ab"",""uri"":""/subjects/12682"",""id"":""au::100141"",""isCapacity"":false,""orgID"":""digipolis"",""suggestType"":""place""}"
64a500d1-93ab-509e-ada8-b7b290afb818,1,lhhs,tg:lhhs:18236,,,au::100160,861533e8-6f1c-5fed-ac69-ea515b4875b7,Brasschaat (Antwerpen),,,"dlod={""name"":""Brasschaat (Antwerpen)"",""ark"":""ark:/83110/x0/861533e8-6f1c-5fed-ac69-ea515b4875b7"",""uri"":""/subjects/13552"",""id"":""au::100160"",""isCapacity"":false,""orgID"":""digipolis"",""suggestType"":""place""}"
65543526-1ae2-5924-987e-0eb049548c1b,1,lhhs,tg:lhhs:12301,Antwerpen,,au::100141,81ac4db9-1e25-55a3-9b28-97c03f96b4ab,Antwerpen (Arrondissement Antwerpen),,,"dlod={""name"":""Antwerpen (Arrondissement Antwerpen)"",""ark"":""ark:/83110/x0/81ac4db9-1e25-55a3-9b28-97c03f96b4ab"",""uri"":""/subjects/12682"",""id"":""au::100141"",""isCapacity"":false,""orgID"":""digipolis"",""suggestType"":""place""}"
677e53b9-d64f-5cec-830c-843822262ec6,1,lhhs,tg:lhhs:20362,,,au::100231,8edb9f04-ad85-5c4a-aa2c-b4e509be84f2,Mechelen (Mechelen),,,"dlod={""name"":""Mechelen (Mechelen)"",""ark"":""ark:/83110/x0/8edb9f04-ad85-5c4a-aa2c-b4e509be84f2"",""uri"":""/subjects/15408"",""id"":""au::100231"",""isCapacity"":false,""orgID"":""digipolis"",""suggestType"":""place""}"
67e1bd30-f46e-5df5-905f-8d08255aabdb,1,lhhs,tg:lhhs:21084,,,au::100267:1,a1baa23b-53c8-5d0a-a90d-069591563605,,,,
68aab50c-4070-5060-b8ef-4d67aa845154,1,lhhs,tg:lhhs:14206,Brussel,,au::100105,99596b2b-2b42-50f2-8ec3-d578638b6d71,Brussel (Brussel-Hoofdstad),,,"dlod={""name"":""Brussel (Brussel-Hoofdstad)"",""ark"":""ark:/83110/x0/99596b2b-2b42-50f2-8ec3-d578638b6d71"",""uri"":""/subjects/11477"",""id"":""au::100105"",""isCapacity"":false,""orgID"":""digipolis"",""suggestType"":""place""}"
6b3c8c7f-f32f-574e-bef2-f9989b7e80ef,1,lhhs,tg:lhhs:13679,New York,,au::106421,1610f937-6357-5afe-8c71-2ed19cd1c8d4,New York City (New York State),,,"dlod={""name"":""New York City (New York State)"",""ark"":""ark:/83110/x0/1610f937-6357-5afe-8c71-2ed19cd1c8d4"",""uri"":""/subjects/9640"",""id"":""au::106421"",""isCapacity"":false,""orgID"":""digipolis"",""suggestType"":""place""}"
6c8ca68a-3d7e-5250-841d-4f5e428b7fd5,1,lhhs,tg:lhhs:17460,Veldegem,,au::101055,9f0bc105-f05c-57af-93cc-0f4dab1d9d0e,Veldegem (Zedelgem),,,"dlod={""name"":""Veldegem (Zedelgem)"",""ark"":""ark:/83110/x0/9f0bc105-f05c-57af-93cc-0f4dab1d9d0e"",""uri"":""/subjects/12518"",""id"":""au::101055"",""isCapacity"":false,""orgID"":""digipolis"",""suggestType"":""place""}"
6c95109a-f71d-5e91-8acf-11d61cdfd2a4,1,lhhs,tg:lhhs:4706,Costa del Sol,Costa del Sol,,,,remarks,Nederlands,
6ccd0a1e-3767-5a60-857c-f216df09aab8,1,lhhs,tg:lhhs:12536,Antwerpen,,au::100141,81ac4db9-1e25-55a3-9b28-97c03f96b4ab,Antwerpen (Arrondissement Antwerpen),,,"dlod={""name"":""Antwerpen (Arrondissement Antwerpen)"",""ark"":""ark:/83110/x0/81ac4db9-1e25-55a3-9b28-97c03f96b4ab"",""uri"":""/subjects/12682"",""id"":""au::100141"",""isCapacity"":false,""orgID"":""digipolis"",""suggestType"":""place""}"
6d53d4ee-1190-578e-9ee3-b85e81763846,1,lhhs,tg:lhhs:18244,,,au::100144,88fb03ff-2933-5472-b4a9-3260e54d3d1c,Berchem (Antwerpen),,,"dlod={""name"":""Berchem (Antwerpen)"",""ark"":""ark:/83110/x0/88fb03ff-2933-5472-b4a9-3260e54d3d1c"",""uri"":""/subjects/14740"",""id"":""au::100144"",""isCapacity"":false,""orgID"":""digipolis"",""suggestType"":""place""}"
6da6db3b-26aa-5abb-8230-757acf46f691,1,lhhs,tg:lhhs:11350,Brussel,,au::100105,99596b2b-2b42-50f2-8ec3-d578638b6d71,Brussel (Brussel-Hoofdstad),,,"dlod={""name"":""Brussel (Brussel-Hoofdstad)"",""ark"":""ark:/83110/x0/99596b2b-2b42-50f2-8ec3-d578638b6d71"",""uri"":""/subjects/11477"",""id"":""au::100105"",""isCapacity"":false,""orgID"":""digipolis"",""suggestType"":""place""}"
6fbd754e-ddbb-593c-ab54-626877a47df0,1,lhhs,tg:lhhs:2026,Thourout/Brussel,,au::101051,a54aa101-0210-5326-881c-58626cb3802e,Torhout (Arrondissement Brugge),,,"dlod={""name"":""Torhout (Arrondissement Brugge)"",""ark"":""ark:/83110/x0/a54aa101-0210-5326-881c-58626cb3802e"",""uri"":""/subjects/15401"",""id"":""au::101051"",""isCapacity"":false,""orgID"":""digipolis"",""suggestType"":""place""}"
700ff5dc-e689-54e3-ba0f-2632b9f2ae07,1,lhhs,tg:lhhs:7981,Ieper,,au::101098,abc7290e-8d4a-553c-b9db-62503a0ec462,Ieper (Arrondissement Ieper),,,"dlod={""name"":""Ieper (Arrondissement Ieper)"",""ark"":""ark:/83110/x0/a9cd9426-cadb-5cde-9fd6-b9d82121fb79"",""uri"":""/subjects/7937"",""id"":""au::101098"",""isCapacity"":false,""orgID"":""digipolis"",""suggestType"":""place""}"
73bdf491-ca68-5c1a-865b-0f120fbb1ee5,1,lhhs,tg:lhhs:14696,"Hulpgevangenis Leuven, Maria Theresiastraat 74, 3000 Leuven",,au::100963,a0ba2368-b2db-57ce-a269-7ed06a8423fe,Leuven (Leuven),,,"dlod={""name"":""Leuven (Leuven)"",""ark"":""ark:/83110/x0/a0ba2368-b2db-57ce-a269-7ed06a8423fe"",""uri"":""/subjects/11733"",""id"":""au::100963"",""isCapacity"":false,""orgID"":""digipolis"",""suggestType"":""place""}"
74974cd2-3927-55de-8181-608327fb59b6,1,lhhs,tg:lhhs:6176,Lier,,au::100229,f97bb3c8-a795-5e52-817b-dbb8c3310c33,Lier (Mechelen),,,"dlod={""name"":""Lier (Mechelen)"",""ark"":""ark:/83110/x0/f97bb3c8-a795-5e52-817b-dbb8c3310c33"",""uri"":""/subjects/9108"",""id"":""au::100229"",""isCapacity"":false,""orgID"":""digipolis"",""suggestType"":""place""}"
760c4768-5632-5c73-9b6c-f328b99f9f17,1,lhhs,tg:lhhs:10732,Antwerpen,,au::100141,81ac4db9-1e25-55a3-9b28-97c03f96b4ab,Antwerpen (Arrondissement Antwerpen),,,"dlod={""name"":""Antwerpen (Arrondissement Antwerpen)"",""ark"":""ark:/83110/x0/81ac4db9-1e25-55a3-9b28-97c03f96b4ab"",""uri"":""/subjects/12682"",""id"":""au::100141"",""isCapacity"":false,""orgID"":""digipolis"",""suggestType"":""place""}"
775aba4a-eea8-5b07-ae11-9c69651516df,1,lhhs,tg:lhhs:12650,Afsnee,,au::100655,0bca67ae-3ce1-5e8c-a538-31a418a253df,Afsnee (Gent),,,"dlod={""name"":""Afsnee (Gent)"",""ark"":""ark:/83110/x0/0bca67ae-3ce1-5e8c-a538-31a418a253df"",""uri"":""/subjects/14356"",""id"":""au::100655"",""isCapacity"":false,""orgID"":""digipolis"",""suggestType"":""place""}"
7799631c-2c70-5f4e-956a-96961c592c8a,1,lhhs,tg:lhhs:10426,Scheveningen,,au::105205,fc85282a-20e4-55da-99e4-7f09e79f2c8a,Scheveningen (Den Haag),,,"dlod={""name"":""Scheveningen (Den Haag)"",""ark"":""ark:/83110/x0/fc85282a-20e4-55da-99e4-7f09e79f2c8a"",""uri"":""/subjects/14484"",""id"":""au::105205"",""isCapacity"":false,""orgID"":""digipolis"",""suggestType"":""place""}"
7911b536-19df-5653-9c8f-a984e371fd52,1,lhhs,tg:lhhs:20396,Wilrijk,,au::100154,12489270-c318-50ad-b7ba-f8c63fe48a74,Wilrijk (Antwerpen),,,"dlod={""name"":""Wilrijk (Antwerpen)"",""ark"":""ark:/83110/x0/12489270-c318-50ad-b7ba-f8c63fe48a74"",""uri"":""/subjects/8631"",""id"":""au::100154"",""isCapacity"":false,""orgID"":""digipolis"",""suggestType"":""place""}"
7addcee3-6f2d-5069-bfee-e6c16ecb88da,1,lhhs,tg:lhhs:7453,Antwerpen,,au::100141,81ac4db9-1e25-55a3-9b28-97c03f96b4ab,Antwerpen (Arrondissement Antwerpen),,,"dlod={""name"":""Antwerpen (Arrondissement Antwerpen)"",""ark"":""ark:/83110/x0/81ac4db9-1e25-55a3-9b28-97c03f96b4ab"",""uri"":""/subjects/12682"",""id"":""au::100141"",""isCapacity"":false,""orgID"":""digipolis"",""suggestType"":""place""}"
7d12915d-5df1-5562-a8fa-2671b1f9884f,1,lhhs,tg:lhhs:4082,Antwerpen,,au::100141,81ac4db9-1e25-55a3-9b28-97c03f96b4ab,Antwerpen (Arrondissement Antwerpen),,,"dlod={""name"":""Antwerpen (Arrondissement Antwerpen)"",""ark"":""ark:/83110/x0/81ac4db9-1e25-55a3-9b28-97c03f96b4ab"",""uri"":""/subjects/12682"",""id"":""au::100141"",""isCapacity"":false,""orgID"":""digipolis"",""suggestType"":""place""}"
7dfbf5ac-f178-5313-a31b-347e36a3f51b,1,lhhs,tg:lhhs:14333,Antwerpen,,au::100141,81ac4db9-1e25-55a3-9b28-97c03f96b4ab,Antwerpen (Arrondissement Antwerpen),,,"dlod={""name"":""Antwerpen (Arrondissement Antwerpen)"",""ark"":""ark:/83110/x0/81ac4db9-1e25-55a3-9b28-97c03f96b4ab"",""uri"":""/subjects/12682"",""id"":""au::100141"",""isCapacity"":false,""orgID"":""digipolis"",""suggestType"":""place""}"
7dff338e-806f-5776-8e1f-b9bedada37d6,1,lhhs,tg:lhhs:4076,Antwerpen,,au::100141,81ac4db9-1e25-55a3-9b28-97c03f96b4ab,Antwerpen (Arrondissement Antwerpen),,,"dlod={""name"":""Antwerpen (Arrondissement Antwerpen)"",""ark"":""ark:/83110/x0/81ac4db9-1e25-55a3-9b28-97c03f96b4ab"",""uri"":""/subjects/12682"",""id"":""au::100141"",""isCapacity"":false,""orgID"":""digipolis"",""suggestType"":""place""}"
7e3e1198-30eb-5a82-a745-81687efea69c,1,lhhs,tg:lhhs:10177,Antwerpen,,au::100141,81ac4db9-1e25-55a3-9b28-97c03f96b4ab,Antwerpen (Arrondissement Antwerpen),,,"dlod={""name"":""Antwerpen (Arrondissement Antwerpen)"",""ark"":""ark:/83110/x0/81ac4db9-1e25-55a3-9b28-97c03f96b4ab"",""uri"":""/subjects/12682"",""id"":""au::100141"",""isCapacity"":false,""orgID"":""digipolis"",""suggestType"":""place""}"
7e74fc20-ff93-53ef-ba88-78faa1c01207,1,lhhs,tg:lhhs:18038,,,au::105187,2ee58405-b913-5a67-b00b-69b58b4ab0d9,Rotterdam (Zuid-Holland),,,"dlod={""name"":""Rotterdam (Zuid-Holland)"",""ark"":""ark:/83110/x0/2ee58405-b913-5a67-b00b-69b58b4ab0d9"",""uri"":""/subjects/9450"",""id"":""au::105187"",""isCapacity"":false,""orgID"":""digipolis"",""suggestType"":""place""}"
7fe32127-309a-5770-b11c-1950bfbc1983,1,lhhs,tg:lhhs:2275,Salsburg,,au::105353,5abb2d32-b4d4-5497-83bd-00c108241007,Salzburg (Oostenrijk),,,"dlod={""name"":""Salzburg (Oostenrijk)"",""ark"":""ark:/83110/x0/5abb2d32-b4d4-5497-83bd-00c108241007"",""uri"":""/subjects/13570"",""id"":""au::105353"",""isCapacity"":false,""orgID"":""digipolis"",""suggestType"":""place""}"
808d9b89-6838-50b0-9ab9-5c05e0548c73,1,lhhs,tg:lhhs:4225,Oostende,,au::101189,85eef20d-fd03-5f99-8acd-368b74b9456f,Oostende (Oostende),,,"dlod={""name"":""Oostende (Oostende)"",""ark"":""ark:/83110/x0/06947c9d-bb2e-5b3e-9368-6e60f61738da"",""uri"":""/subjects/14080"",""id"":""au::101189"",""isCapacity"":false,""orgID"":""digipolis"",""suggestType"":""place""}"
80af0e6c-39eb-5b7b-b334-19980b486b65,1,lhhs,tg:lhhs:20004,,,au::100105,99596b2b-2b42-50f2-8ec3-d578638b6d71,Brussel (Brussel-Hoofdstad),,,"dlod={""name"":""Brussel (Brussel-Hoofdstad)"",""ark"":""ark:/83110/x0/99596b2b-2b42-50f2-8ec3-d578638b6d71"",""uri"":""/subjects/11477"",""id"":""au::100105"",""isCapacity"":false,""orgID"":""digipolis"",""suggestType"":""place""}"
82302230-5e5f-5b25-b69f-17c6549cdc66,1,lhhs,tg:lhhs:13391,Antwerpen,,au::100141,81ac4db9-1e25-55a3-9b28-97c03f96b4ab,Antwerpen (Arrondissement Antwerpen),,,"dlod={""name"":""Antwerpen (Arrondissement Antwerpen)"",""ark"":""ark:/83110/x0/81ac4db9-1e25-55a3-9b28-97c03f96b4ab"",""uri"":""/subjects/12682"",""id"":""au::100141"",""isCapacity"":false,""orgID"":""digipolis"",""suggestType"":""place""}"
82e05cbc-522a-518a-98d6-64ab39f133d3,1,lhhs,tg:lhhs:12791,Anduze,,au::102930,ded3ddfa-143e-563f-86d0-9dca07c9bdbd,Anduze (Arrondissement d'AlËs),,,"dlod={""name"":""Anduze (Arrondissement d'Alès)"",""ark"":""ark:/83110/x0/ded3ddfa-143e-563f-86d0-9dca07c9bdbd"",""uri"":""/subjects/13400"",""id"":""au::102930"",""isCapacity"":false,""orgID"":""digipolis"",""suggestType"":""place""}"
8b6fe0f3-b814-529c-9bf4-62b0eb75f5cb,1,lhhs,tg:lhhs:10201,Antwerpen,,au::100141,81ac4db9-1e25-55a3-9b28-97c03f96b4ab,Antwerpen (Arrondissement Antwerpen),,,"dlod={""name"":""Antwerpen (Arrondissement Antwerpen)"",""ark"":""ark:/83110/x0/81ac4db9-1e25-55a3-9b28-97c03f96b4ab"",""uri"":""/subjects/12682"",""id"":""au::100141"",""isCapacity"":false,""orgID"":""digipolis"",""suggestType"":""place""}"
915c4cd5-8598-55a4-b3d0-d5e320c9e5a3,1,lhhs,tg:lhhs:10595,Antwerpen,,au::100141,81ac4db9-1e25-55a3-9b28-97c03f96b4ab,Antwerpen (Arrondissement Antwerpen),,,"dlod={""name"":""Antwerpen (Arrondissement Antwerpen)"",""ark"":""ark:/83110/x0/81ac4db9-1e25-55a3-9b28-97c03f96b4ab"",""uri"":""/subjects/12682"",""id"":""au::100141"",""isCapacity"":false,""orgID"":""digipolis"",""suggestType"":""place""}"
91cba918-50de-5b86-968b-b96bea6b68ca,1,lhhs,tg:lhhs:11601,Lier,,au::100229,f97bb3c8-a795-5e52-817b-dbb8c3310c33,Lier (Mechelen),,,"dlod={""name"":""Lier (Mechelen)"",""ark"":""ark:/83110/x0/f97bb3c8-a795-5e52-817b-dbb8c3310c33"",""uri"":""/subjects/9108"",""id"":""au::100229"",""isCapacity"":false,""orgID"":""digipolis"",""suggestType"":""place""}"
928d9884-8c24-51ae-9978-f317d5b9504f,1,lhhs,tg:lhhs:10972,Antwerpen,,au::100141,81ac4db9-1e25-55a3-9b28-97c03f96b4ab,Antwerpen (Arrondissement Antwerpen),,,"dlod={""name"":""Antwerpen (Arrondissement Antwerpen)"",""ark"":""ark:/83110/x0/81ac4db9-1e25-55a3-9b28-97c03f96b4ab"",""uri"":""/subjects/12682"",""id"":""au::100141"",""isCapacity"":false,""orgID"":""digipolis"",""suggestType"":""place""}"
94acb45a-5342-5a32-83cb-a8715e113463,1,lhhs,tg:lhhs:14323,Heide-Kalmthout,,au::100170,e293c6c8-4728-50bc-80d2-186a5e7cedc9,Heide-Kalmthout (Kalmthout),,,"dlod={""name"":""Heide-Kalmthout (Kalmthout)"",""ark"":""ark:/83110/x0/e293c6c8-4728-50bc-80d2-186a5e7cedc9"",""uri"":""/subjects/10793"",""id"":""au::100170"",""isCapacity"":false,""orgID"":""digipolis"",""suggestType"":""place""}"
96016e36-4366-582b-80f2-5f376ef3a5c9,1,lhhs,tg:lhhs:21094,,,au::100796,282a916c-8109-51e4-ad13-4054d60a5277,Beersel (Halle-Vilvoorde),,,"dlod={""name"":""Beersel (Halle-Vilvoorde)"",""ark"":""ark:/83110/x0/282a916c-8109-51e4-ad13-4054d60a5277"",""uri"":""/subjects/11769"",""id"":""au::100796"",""isCapacity"":false,""orgID"":""digipolis"",""suggestType"":""place""}"
9a324e8d-52ab-557e-812a-3ef5a91208ef,1,lhhs,tg:lhhs:8111,Nijmegen,,au::104483,e5adeb90-6be3-5a32-87ed-d5b860e78c4d,Nijmegen (Gelderland),,,"dlod={""name"":""Nijmegen (Gelderland)"",""ark"":""ark:/83110/x0/e5adeb90-6be3-5a32-87ed-d5b860e78c4d"",""uri"":""/subjects/9678"",""id"":""au::104483"",""isCapacity"":false,""orgID"":""digipolis"",""suggestType"":""place""}"
9b6c35ec-7f1a-5894-bc0f-2778ab833c23,1,lhhs,tg:lhhs:10857,Antwerpen,,au::100141,81ac4db9-1e25-55a3-9b28-97c03f96b4ab,Antwerpen (Arrondissement Antwerpen),,,"dlod={""name"":""Antwerpen (Arrondissement Antwerpen)"",""ark"":""ark:/83110/x0/81ac4db9-1e25-55a3-9b28-97c03f96b4ab"",""uri"":""/subjects/12682"",""id"":""au::100141"",""isCapacity"":false,""orgID"":""digipolis"",""suggestType"":""place""}"
9c326e9e-f0f8-5e04-a73f-481e5afb77bf,1,lhhs,tg:lhhs:7206,St. Niklaas,,au::100774,4d4a5e9f-d5ff-50e9-a991-eba2f2c760fa,Sint-Niklaas (Arrondissement Sint-Niklaas),,,"dlod={""name"":""Sint-Niklaas (Arrondissement Sint-Niklaas)"",""ark"":""ark:/83110/x0/139e1351-e475-509e-8277-21a2d3857966"",""uri"":""/subjects/8972"",""id"":""au::100774"",""isCapacity"":false,""orgID"":""digipolis"",""suggestType"":""place""}"
9d1f09b6-f86a-5cc0-9a12-46adae7fb456,1,lhhs,tg:lhhs:19522,,,au::100141,81ac4db9-1e25-55a3-9b28-97c03f96b4ab,Antwerpen (Arrondissement Antwerpen),,,"dlod={""name"":""Antwerpen (Arrondissement Antwerpen)"",""ark"":""ark:/83110/x0/81ac4db9-1e25-55a3-9b28-97c03f96b4ab"",""uri"":""/subjects/12682"",""id"":""au::100141"",""isCapacity"":false,""orgID"":""digipolis"",""suggestType"":""place""}"
9d89e70a-985f-56e0-a55a-5a7d35296825,1,lhhs,tg:lhhs:11430,Antwerpen,,au::100141,81ac4db9-1e25-55a3-9b28-97c03f96b4ab,Antwerpen (Arrondissement Antwerpen),,,"dlod={""name"":""Antwerpen (Arrondissement Antwerpen)"",""ark"":""ark:/83110/x0/81ac4db9-1e25-55a3-9b28-97c03f96b4ab"",""uri"":""/subjects/12682"",""id"":""au::100141"",""isCapacity"":false,""orgID"":""digipolis"",""suggestType"":""place""}"
9e619630-7870-529f-9c68-a453340f0dfe,1,lhhs,tg:lhhs:13365,Antwerpen,,au::100141,81ac4db9-1e25-55a3-9b28-97c03f96b4ab,Antwerpen (Arrondissement Antwerpen),,,"dlod={""name"":""Antwerpen (Arrondissement Antwerpen)"",""ark"":""ark:/83110/x0/81ac4db9-1e25-55a3-9b28-97c03f96b4ab"",""uri"":""/subjects/12682"",""id"":""au::100141"",""isCapacity"":false,""orgID"":""digipolis"",""suggestType"":""place""}"
a30d6b61-6197-50fb-b4d4-6e48ebcb66ba,1,lhhs,tg:lhhs:12005,Rechtsonder,Rechtsonder,,,,remarks,Nederlands,
a3590c8f-237a-5d5b-a0f8-f52993b9ccd0,1,lhhs,tg:lhhs:14102,Grobbendonk,,au::100267,cfc8c28c-eccf-5d7a-a2ed-75864b2457fe,Grobbendonk (Turnhout),,,"dlod={""name"":""Grobbendonk (Turnhout)"",""ark"":""ark:/83110/x0/cfc8c28c-eccf-5d7a-a2ed-75864b2457fe"",""uri"":""/subjects/8969"",""id"":""au::100267"",""isCapacity"":false,""orgID"":""digipolis"",""suggestType"":""place""}"
a3cf083e-a8bc-58f6-a1e3-b12e9a8171a3,1,lhhs,tg:lhhs:20811,,,au::100267,cfc8c28c-eccf-5d7a-a2ed-75864b2457fe,Grobbendonk (Turnhout),,,"dlod={""name"":""Grobbendonk (Turnhout)"",""ark"":""ark:/83110/x0/cfc8c28c-eccf-5d7a-a2ed-75864b2457fe"",""uri"":""/subjects/8969"",""id"":""au::100267"",""isCapacity"":false,""orgID"":""digipolis"",""suggestType"":""place""}"
a892aadd-e737-577c-b474-ad6ba762fa06,1,lhhs,tg:lhhs:11452,Antwerpen,,au::100141,81ac4db9-1e25-55a3-9b28-97c03f96b4ab,Antwerpen (Arrondissement Antwerpen),,,"dlod={""name"":""Antwerpen (Arrondissement Antwerpen)"",""ark"":""ark:/83110/x0/81ac4db9-1e25-55a3-9b28-97c03f96b4ab"",""uri"":""/subjects/12682"",""id"":""au::100141"",""isCapacity"":false,""orgID"":""digipolis"",""suggestType"":""place""}"
aa0a3b8b-767b-5f49-9801-acf0fe564036,1,lhhs,tg:lhhs:43,Antwerpen,,au::100141,81ac4db9-1e25-55a3-9b28-97c03f96b4ab,Antwerpen (Arrondissement Antwerpen),,,"dlod={""name"":""Antwerpen (Arrondissement Antwerpen)"",""ark"":""ark:/83110/x0/81ac4db9-1e25-55a3-9b28-97c03f96b4ab"",""uri"":""/subjects/12682"",""id"":""au::100141"",""isCapacity"":false,""orgID"":""digipolis"",""suggestType"":""place""}"
aa9f1d5c-d103-5f59-a755-495ab613d4c0,1,lhhs,tg:lhhs:5449,Antwerpen,,au::100141,81ac4db9-1e25-55a3-9b28-97c03f96b4ab,Antwerpen (Arrondissement Antwerpen),,,"dlod={""name"":""Antwerpen (Arrondissement Antwerpen)"",""ark"":""ark:/83110/x0/81ac4db9-1e25-55a3-9b28-97c03f96b4ab"",""uri"":""/subjects/12682"",""id"":""au::100141"",""isCapacity"":false,""orgID"":""digipolis"",""suggestType"":""place""}"
ae42c9be-c85a-58d5-a5c0-449a596d43c9,1,lhhs,tg:lhhs:17049,,,au::100141,81ac4db9-1e25-55a3-9b28-97c03f96b4ab,Antwerpen (Arrondissement Antwerpen),,,"dlod={""name"":""Antwerpen (Arrondissement Antwerpen)"",""ark"":""ark:/83110/x0/81ac4db9-1e25-55a3-9b28-97c03f96b4ab"",""uri"":""/subjects/12682"",""id"":""au::100141"",""isCapacity"":false,""orgID"":""digipolis"",""suggestType"":""place""}"
b051f493-2002-54fa-8533-2df85e7daae3,1,lhhs,tg:lhhs:9912,Antwerpen,,au::100141,81ac4db9-1e25-55a3-9b28-97c03f96b4ab,Antwerpen (Arrondissement Antwerpen),,,"dlod={""name"":""Antwerpen (Arrondissement Antwerpen)"",""ark"":""ark:/83110/x0/81ac4db9-1e25-55a3-9b28-97c03f96b4ab"",""uri"":""/subjects/12682"",""id"":""au::100141"",""isCapacity"":false,""orgID"":""digipolis"",""suggestType"":""place""}"
b13da86f-3863-5658-a7de-9a0c9a0ed235,1,lhhs,tg:lhhs:12142,Antwerpen,,au::100141,81ac4db9-1e25-55a3-9b28-97c03f96b4ab,Antwerpen (Arrondissement Antwerpen),,,"dlod={""name"":""Antwerpen (Arrondissement Antwerpen)"",""ark"":""ark:/83110/x0/81ac4db9-1e25-55a3-9b28-97c03f96b4ab"",""uri"":""/subjects/12682"",""id"":""au::100141"",""isCapacity"":false,""orgID"":""digipolis"",""suggestType"":""place""}"
b41ef192-f050-52ce-a030-2644e76aa391,1,lhhs,tg:lhhs:11171,Antwerpen,,au::100141,81ac4db9-1e25-55a3-9b28-97c03f96b4ab,Antwerpen (Arrondissement Antwerpen),,,"dlod={""name"":""Antwerpen (Arrondissement Antwerpen)"",""ark"":""ark:/83110/x0/81ac4db9-1e25-55a3-9b28-97c03f96b4ab"",""uri"":""/subjects/12682"",""id"":""au::100141"",""isCapacity"":false,""orgID"":""digipolis"",""suggestType"":""place""}"
b47d34d0-177c-5047-834e-93130e171e37,1,lhhs,tg:lhhs:9615,Gent,,au::100654,d9c28b0b-a361-56d9-befd-dcfa507bb122,Gent (Arrondissement Gent),,,"dlod={""name"":""Gent (Arrondissement Gent)"",""ark"":""ark:/83110/x0/a43ec5c9-9a52-53c3-8cfc-af6cef59a6d2"",""uri"":""/subjects/14530"",""id"":""au::100654"",""isCapacity"":false,""orgID"":""digipolis"",""suggestType"":""place""}"
b5c0ee11-4f75-5a60-80f5-d8dd2e29e4fe,1,lhhs,tg:lhhs:4739,Ertvelde,,au::100646,3fec9223-a4ac-5e92-b028-de9aecb0298a,Ertvelde (Evergem),,,"dlod={""name"":""Ertvelde (Evergem)"",""ark"":""ark:/83110/x0/3fec9223-a4ac-5e92-b028-de9aecb0298a"",""uri"":""/subjects/8603"",""id"":""au::100646"",""isCapacity"":false,""orgID"":""digipolis"",""suggestType"":""place""}"
b8b56162-a400-5a5a-82e3-b074efc1e40b,1,lhhs,tg:lhhs:11673,Antwerpen,,au::100141,81ac4db9-1e25-55a3-9b28-97c03f96b4ab,Antwerpen (Arrondissement Antwerpen),,,"dlod={""name"":""Antwerpen (Arrondissement Antwerpen)"",""ark"":""ark:/83110/x0/81ac4db9-1e25-55a3-9b28-97c03f96b4ab"",""uri"":""/subjects/12682"",""id"":""au::100141"",""isCapacity"":false,""orgID"":""digipolis"",""suggestType"":""place""}"
b99b7ebc-d94e-59d5-bd67-7fc652afc8ba,1,lhhs,tg:lhhs:17412,,,au::100141,81ac4db9-1e25-55a3-9b28-97c03f96b4ab,Antwerpen (Arrondissement Antwerpen),,,"dlod={""name"":""Antwerpen (Arrondissement Antwerpen)"",""ark"":""ark:/83110/x0/81ac4db9-1e25-55a3-9b28-97c03f96b4ab"",""uri"":""/subjects/12682"",""id"":""au::100141"",""isCapacity"":false,""orgID"":""digipolis"",""suggestType"":""place""}"
bf3256f2-d945-5fff-b851-cd29d556ce2a,1,lhhs,tg:lhhs:11238,Antwerpen,,au::100141,81ac4db9-1e25-55a3-9b28-97c03f96b4ab,Antwerpen (Arrondissement Antwerpen),,,"dlod={""name"":""Antwerpen (Arrondissement Antwerpen)"",""ark"":""ark:/83110/x0/81ac4db9-1e25-55a3-9b28-97c03f96b4ab"",""uri"":""/subjects/12682"",""id"":""au::100141"",""isCapacity"":false,""orgID"":""digipolis"",""suggestType"":""place""}"
c1f7143f-9b0c-5625-bf6b-793c790a35e0,1,lhhs,tg:lhhs:13874,Kortrijk,,au::101140,fab9cfc9-8dcc-5c3b-aec2-1e033d4d2bfd,Kortrijk (Kortrijk),,,"dlod={""name"":""Kortrijk (Kortrijk)"",""ark"":""ark:/83110/x0/939c6b0a-0ca6-5d2a-b0d5-74502883d5da"",""uri"":""/subjects/14496"",""id"":""au::101140"",""isCapacity"":false,""orgID"":""digipolis"",""suggestType"":""place""}"
c3970053-65ee-599f-86af-be6703c3cb05,1,lhhs,tg:lhhs:21002,,,au::100267,cfc8c28c-eccf-5d7a-a2ed-75864b2457fe,Grobbendonk (Turnhout),,,"dlod={""name"":""Grobbendonk (Turnhout)"",""ark"":""ark:/83110/x0/cfc8c28c-eccf-5d7a-a2ed-75864b2457fe"",""uri"":""/subjects/8969"",""id"":""au::100267"",""isCapacity"":false,""orgID"":""digipolis"",""suggestType"":""place""}"
c446b487-aa29-52d7-8a6f-f66ed9d2e44a,1,lhhs,tg:lhhs:53,Vasanij,Vasanij,,,,remarks,Nederlands,
c48af0b9-d846-59b3-8694-52a12b2808c1,1,lhhs,tg:lhhs:10722,Antwerpen,,au::100141,81ac4db9-1e25-55a3-9b28-97c03f96b4ab,Antwerpen (Arrondissement Antwerpen),,,"dlod={""name"":""Antwerpen (Arrondissement Antwerpen)"",""ark"":""ark:/83110/x0/81ac4db9-1e25-55a3-9b28-97c03f96b4ab"",""uri"":""/subjects/12682"",""id"":""au::100141"",""isCapacity"":false,""orgID"":""digipolis"",""suggestType"":""place""}"
c85d0231-f4ec-5db6-bbfa-6ab50466d82c,1,lhhs,tg:lhhs:14170,Brussel,,au::100105,99596b2b-2b42-50f2-8ec3-d578638b6d71,Brussel (Brussel-Hoofdstad),,,"dlod={""name"":""Brussel (Brussel-Hoofdstad)"",""ark"":""ark:/83110/x0/99596b2b-2b42-50f2-8ec3-d578638b6d71"",""uri"":""/subjects/11477"",""id"":""au::100105"",""isCapacity"":false,""orgID"":""digipolis"",""suggestType"":""place""}"
c9356847-b4e1-520a-9863-8948eb9c0e35,1,lhhs,tg:lhhs:18699,,,au::102849,826b2ba0-7ecc-592c-877e-efeef61aeecb,Parijs (Paris),,,"dlod={""name"":""Parijs (Paris)"",""ark"":""ark:/83110/x0/826b2ba0-7ecc-592c-877e-efeef61aeecb"",""uri"":""/subjects/14911"",""id"":""au::102849"",""isCapacity"":false,""orgID"":""digipolis"",""suggestType"":""place""}"
ca6c413a-25da-5a39-8c4d-8314eb621e1f,1,lhhs,tg:lhhs:13599,Deurne,,au::104693,ccd46476-7f11-50d0-a26c-2b09d8f2efd2,Deurne (Noord-Brabant),,,"dlod={""name"":""Deurne (Noord-Brabant)"",""ark"":""ark:/83110/x0/8bea7ad5-43e5-5482-94ff-599ddb2176be"",""uri"":""/subjects/11883"",""id"":""au::104693"",""isCapacity"":false,""orgID"":""digipolis"",""suggestType"":""place""}"
cc5f83d4-7475-54fb-b630-b527fc216bd2,1,lhhs,tg:lhhs:3052,Haarlem,,au::104840,07da369f-17bd-5896-af3a-b8514f58dee8,Haarlem (Noord-Holland),,,"dlod={""name"":""Haarlem (Noord-Holland)"",""ark"":""ark:/83110/x0/07da369f-17bd-5896-af3a-b8514f58dee8"",""uri"":""/subjects/8191"",""id"":""au::104840"",""isCapacity"":false,""orgID"":""digipolis"",""suggestType"":""place""}"
cf76c1c5-d4c2-522a-85ef-b49875ef3cf9,1,lhhs,tg:lhhs:11207,Antwerpen,,au::100141,81ac4db9-1e25-55a3-9b28-97c03f96b4ab,Antwerpen (Arrondissement Antwerpen),,,"dlod={""name"":""Antwerpen (Arrondissement Antwerpen)"",""ark"":""ark:/83110/x0/81ac4db9-1e25-55a3-9b28-97c03f96b4ab"",""uri"":""/subjects/12682"",""id"":""au::100141"",""isCapacity"":false,""orgID"":""digipolis"",""suggestType"":""place""}"
cfd5855d-d99e-5173-90ae-4e7e7e0fd2f4,1,lhhs,tg:lhhs:11291,Antwerpen,,au::100141,81ac4db9-1e25-55a3-9b28-97c03f96b4ab,Antwerpen (Arrondissement Antwerpen),,,"dlod={""name"":""Antwerpen (Arrondissement Antwerpen)"",""ark"":""ark:/83110/x0/81ac4db9-1e25-55a3-9b28-97c03f96b4ab"",""uri"":""/subjects/12682"",""id"":""au::100141"",""isCapacity"":false,""orgID"":""digipolis"",""suggestType"":""place""}"
d092e831-9c09-5692-a182-27261fe135e7,1,lhhs,tg:lhhs:13816,Kortrijk,,au::101140,fab9cfc9-8dcc-5c3b-aec2-1e033d4d2bfd,Kortrijk (Kortrijk),,,"dlod={""name"":""Kortrijk (Kortrijk)"",""ark"":""ark:/83110/x0/939c6b0a-0ca6-5d2a-b0d5-74502883d5da"",""uri"":""/subjects/14496"",""id"":""au::101140"",""isCapacity"":false,""orgID"":""digipolis"",""suggestType"":""place""}"
d1d12530-cd1a-5a7e-880e-ebf6167af8c5,1,lhhs,tg:lhhs:11833,Leuven,,au::100963,aa4c5bc2-daba-5649-a7eb-9f44fc6106f3,Leuven (Leuven),,,"dlod={""name"":""Leuven (Leuven)"",""ark"":""ark:/83110/x0/a0ba2368-b2db-57ce-a269-7ed06a8423fe"",""uri"":""/subjects/11733"",""id"":""au::100963"",""isCapacity"":false,""orgID"":""digipolis"",""suggestType"":""place""}"
d3109b20-7e94-5456-8524-77e26f44ac37,1,lhhs,tg:lhhs:10273,Antwerpen,,au::100141,81ac4db9-1e25-55a3-9b28-97c03f96b4ab,Antwerpen (Arrondissement Antwerpen),,,"dlod={""name"":""Antwerpen (Arrondissement Antwerpen)"",""ark"":""ark:/83110/x0/81ac4db9-1e25-55a3-9b28-97c03f96b4ab"",""uri"":""/subjects/12682"",""id"":""au::100141"",""isCapacity"":false,""orgID"":""digipolis"",""suggestType"":""place""}"
d47ace49-2ba8-527a-a170-50bbf71f8317,1,lhhs,tg:lhhs:8267,Vollezeele,,au::100812,42bc14f9-76d6-5052-b969-290715e7611b,Vollezele (Galmaarden),,,"dlod={""name"":""Vollezele (Galmaarden)"",""ark"":""ark:/83110/x0/42bc14f9-76d6-5052-b969-290715e7611b"",""uri"":""/subjects/13348"",""id"":""au::100812"",""isCapacity"":false,""orgID"":""digipolis"",""suggestType"":""place""}"
d76feff0-c7c2-58c4-b614-be281ffa457f,1,lhhs,tg:lhhs:13338,Wilrijk,,au::100154,12489270-c318-50ad-b7ba-f8c63fe48a74,Wilrijk (Antwerpen),,,"dlod={""name"":""Wilrijk (Antwerpen)"",""ark"":""ark:/83110/x0/12489270-c318-50ad-b7ba-f8c63fe48a74"",""uri"":""/subjects/8631"",""id"":""au::100154"",""isCapacity"":false,""orgID"":""digipolis"",""suggestType"":""place""}"
d7b9bfc2-84d1-5736-8a4f-b51e1ccabe8a,1,lhhs,tg:lhhs:13711,Kortrijk,,au::101140,fab9cfc9-8dcc-5c3b-aec2-1e033d4d2bfd,Kortrijk (Kortrijk),,,"dlod={""name"":""Kortrijk (Kortrijk)"",""ark"":""ark:/83110/x0/939c6b0a-0ca6-5d2a-b0d5-74502883d5da"",""uri"":""/subjects/14496"",""id"":""au::101140"",""isCapacity"":false,""orgID"":""digipolis"",""suggestType"":""place""}"
dc893f99-d37c-57d8-af21-8334cb2fa2b8,1,lhhs,tg:lhhs:19814,,,au::100141,81ac4db9-1e25-55a3-9b28-97c03f96b4ab,Antwerpen (Arrondissement Antwerpen),,,"dlod={""name"":""Antwerpen (Arrondissement Antwerpen)"",""ark"":""ark:/83110/x0/81ac4db9-1e25-55a3-9b28-97c03f96b4ab"",""uri"":""/subjects/12682"",""id"":""au::100141"",""isCapacity"":false,""orgID"":""digipolis"",""suggestType"":""place""}"
ddc5b45b-701f-5826-946a-6524137c993a,1,lhhs,tg:lhhs:12152,Antwerpen,,au::100141,81ac4db9-1e25-55a3-9b28-97c03f96b4ab,Antwerpen (Arrondissement Antwerpen),,,"dlod={""name"":""Antwerpen (Arrondissement Antwerpen)"",""ark"":""ark:/83110/x0/81ac4db9-1e25-55a3-9b28-97c03f96b4ab"",""uri"":""/subjects/12682"",""id"":""au::100141"",""isCapacity"":false,""orgID"":""digipolis"",""suggestType"":""place""}"
e5252890-140b-5358-a93b-c8354350c920,1,lhhs,tg:lhhs:2281,Stratford,,au::106060,15499e04-dde0-5d4b-8d9a-dd365737f070,Stratford upon Avon (Stratford-on-Avon District),,,"dlod={""name"":""Stratford upon Avon (Stratford-on-Avon District)"",""ark"":""ark:/83110/x0/15499e04-dde0-5d4b-8d9a-dd365737f070"",""uri"":""/subjects/13538"",""id"":""au::106060"",""isCapacity"":false,""orgID"":""digipolis"",""suggestType"":""place""}"
e5e1c429-c0c7-5330-b511-d6cf163b672b,1,lhhs,tg:lhhs:11026,Antwerpen,,au::100141,81ac4db9-1e25-55a3-9b28-97c03f96b4ab,Antwerpen (Arrondissement Antwerpen),,,"dlod={""name"":""Antwerpen (Arrondissement Antwerpen)"",""ark"":""ark:/83110/x0/81ac4db9-1e25-55a3-9b28-97c03f96b4ab"",""uri"":""/subjects/12682"",""id"":""au::100141"",""isCapacity"":false,""orgID"":""digipolis"",""suggestType"":""place""}"
e67e48ab-e25f-5b60-ac51-1178e31d29b4,1,lhhs,tg:lhhs:21070,,,au::100654,a43ec5c9-9a52-53c3-8cfc-af6cef59a6d2,Gent (Arrondissement Gent),,,"dlod={""name"":""Gent (Arrondissement Gent)"",""ark"":""ark:/83110/x0/a43ec5c9-9a52-53c3-8cfc-af6cef59a6d2"",""uri"":""/subjects/14530"",""id"":""au::100654"",""isCapacity"":false,""orgID"":""digipolis"",""suggestType"":""place""}"
e6a6328b-4f2e-5d93-8c52-beec1b544f57,1,lhhs,tg:lhhs:9285,Antwerpen,,au::100141,81ac4db9-1e25-55a3-9b28-97c03f96b4ab,Antwerpen (Arrondissement Antwerpen),,,"dlod={""name"":""Antwerpen (Arrondissement Antwerpen)"",""ark"":""ark:/83110/x0/81ac4db9-1e25-55a3-9b28-97c03f96b4ab"",""uri"":""/subjects/12682"",""id"":""au::100141"",""isCapacity"":false,""orgID"":""digipolis"",""suggestType"":""place""}"
e6d42f29-4f9d-55c8-b266-4e8238ea87a5,1,lhhs,tg:lhhs:11548,Sint-Gillis,,au::100118,23aa0996-fff8-5d4a-846a-012b376317b5,Saint-Gilles (Sint-Gillis),,,"dlod={""name"":""Saint-Gilles (Sint-Gillis)"",""ark"":""ark:/83110/x0/23aa0996-fff8-5d4a-846a-012b376317b5"",""uri"":""/subjects/11923"",""id"":""au::100118"",""isCapacity"":false,""orgID"":""digipolis"",""suggestType"":""place""}"
e71a4a4e-5c1e-5927-8025-d9bffdabbb1d,1,lhhs,tg:lhhs:10847,Antwerpen,,au::100141,81ac4db9-1e25-55a3-9b28-97c03f96b4ab,Antwerpen (Arrondissement Antwerpen),,,"dlod={""name"":""Antwerpen (Arrondissement Antwerpen)"",""ark"":""ark:/83110/x0/81ac4db9-1e25-55a3-9b28-97c03f96b4ab"",""uri"":""/subjects/12682"",""id"":""au::100141"",""isCapacity"":false,""orgID"":""digipolis"",""suggestType"":""place""}"
e7de06ea-9985-513d-8e34-8b0e81cd0170,1,lhhs,tg:lhhs:14747,Diest,,au::100918,515b34e5-ab07-5f11-ac7b-0fd8c3512582,Diest (Leuven),,,"dlod={""name"":""Diest (Leuven)"",""ark"":""ark:/83110/x0/515b34e5-ab07-5f11-ac7b-0fd8c3512582"",""uri"":""/subjects/9249"",""id"":""au::100918"",""isCapacity"":false,""orgID"":""digipolis"",""suggestType"":""place""}"
e822cef7-963f-5a65-8414-a15b8d4cdf6f,1,lhhs,tg:lhhs:5233,Antwerpen,,au::100141,81ac4db9-1e25-55a3-9b28-97c03f96b4ab,Antwerpen (Arrondissement Antwerpen),,,"dlod={""name"":""Antwerpen (Arrondissement Antwerpen)"",""ark"":""ark:/83110/x0/81ac4db9-1e25-55a3-9b28-97c03f96b4ab"",""uri"":""/subjects/12682"",""id"":""au::100141"",""isCapacity"":false,""orgID"":""digipolis"",""suggestType"":""place""}"
e8fd63ae-109f-553e-88b7-3ae9eb58e7ae,1,lhhs,tg:lhhs:14725,Gent,,au::100654,d9c28b0b-a361-56d9-befd-dcfa507bb122,Gent (Arrondissement Gent),,,"dlod={""name"":""Gent (Arrondissement Gent)"",""ark"":""ark:/83110/x0/a43ec5c9-9a52-53c3-8cfc-af6cef59a6d2"",""uri"":""/subjects/14530"",""id"":""au::100654"",""isCapacity"":false,""orgID"":""digipolis"",""suggestType"":""place""}"
e9716fd9-905e-5270-b3a8-9f4aff60c3b4,1,lhhs,tg:lhhs:14549,Brasschaat,,au::100160,861533e8-6f1c-5fed-ac69-ea515b4875b7,Brasschaat (Antwerpen),,,"dlod={""name"":""Brasschaat (Antwerpen)"",""ark"":""ark:/83110/x0/861533e8-6f1c-5fed-ac69-ea515b4875b7"",""uri"":""/subjects/13552"",""id"":""au::100160"",""isCapacity"":false,""orgID"":""digipolis"",""suggestType"":""place""}"
eb5716aa-7591-5abb-a262-09ade7356c8a,1,lhhs,tg:lhhs:12015,Bussum,,au::104826,77fc2407-9c2e-591c-8b0f-176f84ba5537,Bussum (Noord-Holland),,,"dlod={""name"":""Bussum (Noord-Holland)"",""ark"":""ark:/83110/x0/77fc2407-9c2e-591c-8b0f-176f84ba5537"",""uri"":""/subjects/9502"",""id"":""au::104826"",""isCapacity"":false,""orgID"":""digipolis"",""suggestType"":""place""}"
ec4ea321-a81e-53c3-9423-e4ef3807d0d1,1,lhhs,tg:lhhs:11019,Antwerpen,,au::100141,81ac4db9-1e25-55a3-9b28-97c03f96b4ab,Antwerpen (Arrondissement Antwerpen),,,"dlod={""name"":""Antwerpen (Arrondissement Antwerpen)"",""ark"":""ark:/83110/x0/81ac4db9-1e25-55a3-9b28-97c03f96b4ab"",""uri"":""/subjects/12682"",""id"":""au::100141"",""isCapacity"":false,""orgID"":""digipolis"",""suggestType"":""place""}"
ede6a79b-499d-5018-8b9f-6b8ae641ea62,1,lhhs,tg:lhhs:13880,Kortrijk,,au::101140,fab9cfc9-8dcc-5c3b-aec2-1e033d4d2bfd,Kortrijk (Kortrijk),,,"dlod={""name"":""Kortrijk (Kortrijk)"",""ark"":""ark:/83110/x0/939c6b0a-0ca6-5d2a-b0d5-74502883d5da"",""uri"":""/subjects/14496"",""id"":""au::101140"",""isCapacity"":false,""orgID"":""digipolis"",""suggestType"":""place""}"
edec5fbb-68ef-5bee-bb28-48a4c2800ba5,1,lhhs,tg:lhhs:2185,Beauvais,,au::103184,0ebe5749-ff7d-559e-8061-ae15f6810378,Beauvais (Oise),,,"dlod={""name"":""Beauvais (Oise)"",""ark"":""ark:/83110/x0/0ebe5749-ff7d-559e-8061-ae15f6810378"",""uri"":""/subjects/9723"",""id"":""au::103184"",""isCapacity"":false,""orgID"":""digipolis"",""suggestType"":""place""}"
f097b63b-4eed-5f48-9353-4f1f2269debc,1,lhhs,tg:lhhs:20059,,,au::100105,99596b2b-2b42-50f2-8ec3-d578638b6d71,Brussel (Brussel-Hoofdstad),,,"dlod={""name"":""Brussel (Brussel-Hoofdstad)"",""ark"":""ark:/83110/x0/99596b2b-2b42-50f2-8ec3-d578638b6d71"",""uri"":""/subjects/11477"",""id"":""au::100105"",""isCapacity"":false,""orgID"":""digipolis"",""suggestType"":""place""}"
f149b5c0-ae5e-5080-b3e5-a5cfcd7ec450,1,lhhs,tg:lhhs:2746,Antwerpen / Mechelen,Antwerpen / Mechelen,,,,remarks,Nederlands,
f43324a2-b002-53eb-92f3-7c32bed0426b,1,lhhs,tg:lhhs:11036,Antwerpen,,au::100141,81ac4db9-1e25-55a3-9b28-97c03f96b4ab,Antwerpen (Arrondissement Antwerpen),,,"dlod={""name"":""Antwerpen (Arrondissement Antwerpen)"",""ark"":""ark:/83110/x0/81ac4db9-1e25-55a3-9b28-97c03f96b4ab"",""uri"":""/subjects/12682"",""id"":""au::100141"",""isCapacity"":false,""orgID"":""digipolis"",""suggestType"":""place""}"
f68f4f23-cead-5bc2-8f4f-5c85c90722b1,1,lhhs,tg:lhhs:10193,Antwerpen,,au::100141,81ac4db9-1e25-55a3-9b28-97c03f96b4ab,Antwerpen (Arrondissement Antwerpen),,,"dlod={""name"":""Antwerpen (Arrondissement Antwerpen)"",""ark"":""ark:/83110/x0/81ac4db9-1e25-55a3-9b28-97c03f96b4ab"",""uri"":""/subjects/12682"",""id"":""au::100141"",""isCapacity"":false,""orgID"":""digipolis"",""suggestType"":""place""}"
f83b5465-08d5-542c-a816-e4fd3328f935,1,lhhs,tg:lhhs:13864,Kortrijk,,au::101140,fab9cfc9-8dcc-5c3b-aec2-1e033d4d2bfd,Kortrijk (Kortrijk),,,"dlod={""name"":""Kortrijk (Kortrijk)"",""ark"":""ark:/83110/x0/939c6b0a-0ca6-5d2a-b0d5-74502883d5da"",""uri"":""/subjects/14496"",""id"":""au::101140"",""isCapacity"":false,""orgID"":""digipolis"",""suggestType"":""place""}"
fac4a391-419b-56cd-9039-27ec613ea0fb,1,lhhs,tg:lhhs:13381,Antwerpen,,au::100141,81ac4db9-1e25-55a3-9b28-97c03f96b4ab,Antwerpen (Arrondissement Antwerpen),,,"dlod={""name"":""Antwerpen (Arrondissement Antwerpen)"",""ark"":""ark:/83110/x0/81ac4db9-1e25-55a3-9b28-97c03f96b4ab"",""uri"":""/subjects/12682"",""id"":""au::100141"",""isCapacity"":false,""orgID"":""digipolis"",""suggestType"":""place""}"
fbf15189-f436-5a10-9ecb-9e2b76f59a25,1,lhhs,tg:lhhs:14576,Veldegem,,au::101055,9f0bc105-f05c-57af-93cc-0f4dab1d9d0e,Veldegem (Zedelgem),,,"dlod={""name"":""Veldegem (Zedelgem)"",""ark"":""ark:/83110/x0/9f0bc105-f05c-57af-93cc-0f4dab1d9d0e"",""uri"":""/subjects/12518"",""id"":""au::101055"",""isCapacity"":false,""orgID"":""digipolis"",""suggestType"":""place""}"
fcd9f909-14eb-53b9-85eb-45a43fa58f57,1,lhhs,tg:lhhs:8187,Gembes,,au::101543,7a0aee92-8bff-5577-9697-849756a77098,Gembes (Daverdisse),,,"dlod={""name"":""Gembes (Daverdisse)"",""ark"":""ark:/83110/x0/7a0aee92-8bff-5577-9697-849756a77098"",""uri"":""/subjects/15489"",""id"":""au::101543"",""isCapacity"":false,""orgID"":""digipolis"",""suggestType"":""place""}"
fe967151-4661-5383-948a-c675bb4e3b1a,1,lhhs,tg:lhhs:19882,,,au::101498,fe11793e-bf01-5ed9-8a73-6139789957bb,Verviers (Verviers),,,"dlod={""name"":""Verviers (Verviers)"",""ark"":""ark:/83110/x0/fe11793e-bf01-5ed9-8a73-6139789957bb"",""uri"":""/subjects/9780"",""id"":""au::101498"",""isCapacity"":false,""orgID"":""digipolis"",""suggestType"":""place""}"
fe967151-4661-5383-948a-c675bb4e3b1a,2,lhhs,tg:lhhs:19882,,,au::100408,9b4c5299-9016-5fd7-894a-73d91f199d3c,Peer (Arrondissement Maaseik),,,"dlod={""name"":""Peer (Arrondissement Maaseik)"",""ark"":""ark:/83110/x0/9b4c5299-9016-5fd7-894a-73d91f199d3c"",""uri"":""/subjects/13267"",""id"":""au::100408"",""isCapacity"":false,""orgID"":""digipolis"",""suggestType"":""place""}"
ffd228c7-0ec8-59b6-9f43-4e32d7dd1801,1,lhhs,tg:lhhs:3183,Gent,,au::100654,d9c28b0b-a361-56d9-befd-dcfa507bb122,Gent (Arrondissement Gent),,,"dlod={""name"":""Gent (Arrondissement Gent)"",""ark"":""ark:/83110/x0/a43ec5c9-9a52-53c3-8cfc-af6cef59a6d2"",""uri"":""/subjects/14530"",""id"":""au::100654"",""isCapacity"":false,""orgID"":""digipolis"",""suggestType"":""place""}"
