ResourceID,brocade.id,card,order,ire.isaar.uuid,Visual ISAAR Brocade ID,Visual Actor Role,Visual Actor Widget,Visual Actor Identifier
f893fc70-00bb-5f5f-985e-0bf44213ce73,tg:lhps:51041,VisualContent,1,2b5dd1f5-13e6-5ef3-b0ba-f9b1973ab771,au::7681,designers,"dlod={""id"":""ark:/83110/x0/2b5dd1f5-13e6-5ef3-b0ba-f9b1973ab771"",""text"":"""",""name"":"""",""nameWithContext"":"""",""orgID"":""digipolis"",""suggestType"":""agent"",""json"":""""}",ark:/83110/x0/2b5dd1f5-13e6-5ef3-b0ba-f9b1973ab771
73342a2f-8adb-5759-bf27-b4749aee9845,tg:lhps:47195,VisualContent,1,4563f6a1-2806-5967-94f9-11fdcd7b6a2b,au::56764,designers,"dlod={""id"":""ark:/83110/x0/4563f6a1-2806-5967-94f9-11fdcd7b6a2b"",""text"":"""",""name"":"""",""nameWithContext"":"""",""orgID"":""digipolis"",""suggestType"":""agent"",""json"":""""}",ark:/83110/x0/4563f6a1-2806-5967-94f9-11fdcd7b6a2b
cbfcbe77-a2e3-5cd3-a0d2-a8f7d5048991,tg:lhps:41942,VisualContent,1,560311a5-026b-5374-a2d7-bda9ac5520da,au::10243,designers,"dlod={""id"":""ark:/83110/x0/560311a5-026b-5374-a2d7-bda9ac5520da"",""text"":"""",""name"":"""",""nameWithContext"":"""",""orgID"":""digipolis"",""suggestType"":""agent"",""json"":""""}",ark:/83110/x0/560311a5-026b-5374-a2d7-bda9ac5520da
d3641323-a5b0-5af3-b5ef-98834690fd96,tg:lhps:32095,VisualContent,1,19ca4102-8b98-555a-b033-bf6902e25d7f,au::58787,designers,"dlod={""id"":""ark:/83110/x0/19ca4102-8b98-555a-b033-bf6902e25d7f"",""text"":"""",""name"":"""",""nameWithContext"":"""",""orgID"":""digipolis"",""suggestType"":""agent"",""json"":""""}",ark:/83110/x0/19ca4102-8b98-555a-b033-bf6902e25d7f
59c8bf1e-503c-5024-80af-3d2b60ae2e26,tg:lhps:30102,VisualContent,1,0a9a1e98-0f44-59d2-9130-11c0ba96e73a,au::58704,designers,"dlod={""id"":""ark:/83110/x0/0a9a1e98-0f44-59d2-9130-11c0ba96e73a"",""text"":"""",""name"":"""",""nameWithContext"":"""",""orgID"":""digipolis"",""suggestType"":""agent"",""json"":""""}",ark:/83110/x0/0a9a1e98-0f44-59d2-9130-11c0ba96e73a
aeb9ca95-a323-5689-8e5e-04600caeaa00,tg:lhps:6489,VisualContent,1,10b665ad-3766-5b72-8f3c-e62086558c2d,au::15035,designers,"dlod={""id"":""ark:/83110/x0/10b665ad-3766-5b72-8f3c-e62086558c2d"",""text"":"""",""name"":"""",""nameWithContext"":"""",""orgID"":""digipolis"",""suggestType"":""agent"",""json"":""""}",ark:/83110/x0/10b665ad-3766-5b72-8f3c-e62086558c2d
8fcadac7-c8cf-5d41-b13e-11c77d2a1ad5,tg:lhps:3371,VisualContent,1,fab83157-2fe1-521d-90e5-803842578fc7,au::44622,designers,"dlod={""id"":""ark:/83110/x0/fab83157-2fe1-521d-90e5-803842578fc7"",""text"":"""",""name"":"""",""nameWithContext"":"""",""orgID"":""digipolis"",""suggestType"":""agent"",""json"":""""}",ark:/83110/x0/fab83157-2fe1-521d-90e5-803842578fc7
df18cc73-b836-5d25-b31f-e2d06c18827b,tg:lhps:45002,VisualContent,1,d8e256f1-f1e6-5399-856c-9ce5157ef55f,au::7262,designers,"dlod={""id"":""ark:/83110/x0/d8e256f1-f1e6-5399-856c-9ce5157ef55f"",""text"":"""",""name"":"""",""nameWithContext"":"""",""orgID"":""digipolis"",""suggestType"":""agent"",""json"":""""}",ark:/83110/x0/d8e256f1-f1e6-5399-856c-9ce5157ef55f
3a86188e-49d1-5143-bf96-ee7eacd27e65,tg:lhps:13662,VisualContent,1,e49533b3-5f74-527f-bd37-70f469c6450c,au::19428,designers,"dlod={""id"":""ark:/83110/x0/e49533b3-5f74-527f-bd37-70f469c6450c"",""text"":"""",""name"":"""",""nameWithContext"":"""",""orgID"":""digipolis"",""suggestType"":""agent"",""json"":""""}",ark:/83110/x0/e49533b3-5f74-527f-bd37-70f469c6450c
959eaa13-0eaa-5a72-85d0-4303addd3681,tg:lhps:59021,VisualContent,1,4262fbfb-984f-5561-b4e6-1f37493e8356,au::57480,designers,"dlod={""id"":""ark:/83110/x0/4262fbfb-984f-5561-b4e6-1f37493e8356"",""text"":"""",""name"":"""",""nameWithContext"":"""",""orgID"":""digipolis"",""suggestType"":""agent"",""json"":""""}",ark:/83110/x0/4262fbfb-984f-5561-b4e6-1f37493e8356
959eaa13-0eaa-5a72-85d0-4303addd3681,tg:lhps:59021,VisualContent,2,678ee828-ccf3-54d7-9adb-4c29a6790222,au::108551,photographers,"dlod={""id"":""ark:/83110/x0/678ee828-ccf3-54d7-9adb-4c29a6790222"",""text"":"""",""name"":"""",""nameWithContext"":"""",""orgID"":""digipolis"",""suggestType"":""agent"",""json"":""""}",ark:/83110/x0/678ee828-ccf3-54d7-9adb-4c29a6790222
39ab6b52-f461-5f7d-a1cc-28b546e10573,tg:lhps:9286,VisualContent,1,3455c7f7-5565-575d-bae4-7df7e35f62cb,au::11866,designers,"dlod={""id"":""ark:/83110/x0/3455c7f7-5565-575d-bae4-7df7e35f62cb"",""text"":"""",""name"":"""",""nameWithContext"":"""",""orgID"":""digipolis"",""suggestType"":""agent"",""json"":""""}",ark:/83110/x0/3455c7f7-5565-575d-bae4-7df7e35f62cb
a0b28386-23aa-5ff3-b9b1-e341b8db24ac,tg:lhps:48630,VisualContent,1,2c980ccb-01f4-56f4-bddc-ef20af5049df,au::53317,designers,"dlod={""id"":""ark:/83110/x0/2c980ccb-01f4-56f4-bddc-ef20af5049df"",""text"":"""",""name"":"""",""nameWithContext"":"""",""orgID"":""digipolis"",""suggestType"":""agent"",""json"":""""}",ark:/83110/x0/2c980ccb-01f4-56f4-bddc-ef20af5049df
c9601883-4615-5194-9521-89605be430e0,tg:lhps:55901,VisualContent,1,266ea61b-5053-59f5-b9a6-cfc47b8d21bf,au::107144,designers,"dlod={""id"":""ark:/83110/x0/266ea61b-5053-59f5-b9a6-cfc47b8d21bf"",""text"":"""",""name"":"""",""nameWithContext"":"""",""orgID"":""digipolis"",""suggestType"":""agent"",""json"":""""}",ark:/83110/x0/266ea61b-5053-59f5-b9a6-cfc47b8d21bf
8aa76993-09ca-5cdc-aba2-56b1c449c41e,tg:lhps:49922,VisualContent,1,6526f7d4-51de-5d29-a62f-f49a08d9c278,au::10998,designers,"dlod={""id"":""ark:/83110/x0/6526f7d4-51de-5d29-a62f-f49a08d9c278"",""text"":"""",""name"":"""",""nameWithContext"":"""",""orgID"":""digipolis"",""suggestType"":""agent"",""json"":""""}",ark:/83110/x0/6526f7d4-51de-5d29-a62f-f49a08d9c278
d7e3736c-a419-5d5b-88d0-7e63e550016c,tg:lhps:36486,VisualContent,1,2262be1c-cf01-593a-bd7d-3271fc29124c,au::3606,designers,"dlod={""id"":""ark:/83110/x0/2262be1c-cf01-593a-bd7d-3271fc29124c"",""text"":"""",""name"":"""",""nameWithContext"":"""",""orgID"":""digipolis"",""suggestType"":""agent"",""json"":""""}",ark:/83110/x0/2262be1c-cf01-593a-bd7d-3271fc29124c
264ec288-3975-59d4-8b70-7d6e1ccb916b,tg:lhps:22095,VisualContent,1,d07ed705-dbcb-58c5-8ac9-6941179e5fb4,au::48466,designers,"dlod={""id"":""ark:/83110/x0/d07ed705-dbcb-58c5-8ac9-6941179e5fb4"",""text"":"""",""name"":"""",""nameWithContext"":"""",""orgID"":""digipolis"",""suggestType"":""agent"",""json"":""""}",ark:/83110/x0/d07ed705-dbcb-58c5-8ac9-6941179e5fb4
33b73bef-649e-51bc-a014-7706dca214da,tg:lhps:12423,VisualContent,1,93d58a29-b6f3-5741-ac05-82ec2bbf8684,au::45297,designers,"dlod={""id"":""ark:/83110/x0/93d58a29-b6f3-5741-ac05-82ec2bbf8684"",""text"":"""",""name"":"""",""nameWithContext"":"""",""orgID"":""digipolis"",""suggestType"":""agent"",""json"":""""}",ark:/83110/x0/93d58a29-b6f3-5741-ac05-82ec2bbf8684
dcd0e454-3cf9-58b5-8a0e-8459b057843e,tg:lhps:59888,VisualContent,1,94705d8e-6718-54a6-aa19-dd625feaac80,au::58546,designers,"dlod={""id"":""ark:/83110/x0/94705d8e-6718-54a6-aa19-dd625feaac80"",""text"":"""",""name"":"""",""nameWithContext"":"""",""orgID"":""digipolis"",""suggestType"":""agent"",""json"":""""}",ark:/83110/x0/94705d8e-6718-54a6-aa19-dd625feaac80
2c5a292f-ff54-5b98-aee4-41b6e95e47e8,tg:lhps:33684,VisualContent,1,5e2afab8-404e-5849-9e83-a43bb22c6ee2,au::14181,designers,"dlod={""id"":""ark:/83110/x0/5e2afab8-404e-5849-9e83-a43bb22c6ee2"",""text"":"""",""name"":"""",""nameWithContext"":"""",""orgID"":""digipolis"",""suggestType"":""agent"",""json"":""""}",ark:/83110/x0/5e2afab8-404e-5849-9e83-a43bb22c6ee2
4978e3c7-d767-5470-ae5e-e982f63b1ed0,tg:lhps:49471,VisualContent,1,5c127b21-0503-5032-9676-642d553c6e18,au::19765,designers,"dlod={""id"":""ark:/83110/x0/5c127b21-0503-5032-9676-642d553c6e18"",""text"":"""",""name"":"""",""nameWithContext"":"""",""orgID"":""digipolis"",""suggestType"":""agent"",""json"":""""}",ark:/83110/x0/5c127b21-0503-5032-9676-642d553c6e18
c4f475b3-de18-55f6-a15e-5fd23c28dabf,tg:lhps:45901,VisualContent,1,e967ad5d-0801-5956-9817-396401dcc159,au::58530,designers,"dlod={""id"":""ark:/83110/x0/e967ad5d-0801-5956-9817-396401dcc159"",""text"":"""",""name"":"""",""nameWithContext"":"""",""orgID"":""digipolis"",""suggestType"":""agent"",""json"":""""}",ark:/83110/x0/e967ad5d-0801-5956-9817-396401dcc159
c4f475b3-de18-55f6-a15e-5fd23c28dabf,tg:lhps:45901,VisualContent,2,4db601ae-e8b3-53d8-9acc-7778c44639e6,au::48680,photographers,"dlod={""id"":""ark:/83110/x0/4db601ae-e8b3-53d8-9acc-7778c44639e6"",""text"":"""",""name"":"""",""nameWithContext"":"""",""orgID"":""digipolis"",""suggestType"":""agent"",""json"":""""}",ark:/83110/x0/4db601ae-e8b3-53d8-9acc-7778c44639e6
69ec0647-378f-5d9d-964c-a49824d2d3dc,tg:lhps:12589,VisualContent,1,c3cdd5db-ae4f-59f1-aaa3-c7774db28201,au::51805,designers,"dlod={""id"":""ark:/83110/x0/c3cdd5db-ae4f-59f1-aaa3-c7774db28201"",""text"":"""",""name"":"""",""nameWithContext"":"""",""orgID"":""digipolis"",""suggestType"":""agent"",""json"":""""}",ark:/83110/x0/c3cdd5db-ae4f-59f1-aaa3-c7774db28201
34b8d835-7955-58ab-9b17-3b2aaf53c8e4,tg:lhps:8497,VisualContent,1,73dcaf65-f1f7-5b27-97a0-ece370c69663,au::6691,designers,"dlod={""id"":""ark:/83110/x0/73dcaf65-f1f7-5b27-97a0-ece370c69663"",""text"":"""",""name"":"""",""nameWithContext"":"""",""orgID"":""digipolis"",""suggestType"":""agent"",""json"":""""}",ark:/83110/x0/73dcaf65-f1f7-5b27-97a0-ece370c69663
7a3a1fd5-7ada-594b-8e8c-d414cd7e8286,tg:lhps:7762,VisualContent,1,dc3f1060-08f0-5e74-aaee-f6c66603d188,au::46496,designers,"dlod={""id"":""ark:/83110/x0/dc3f1060-08f0-5e74-aaee-f6c66603d188"",""text"":"""",""name"":"""",""nameWithContext"":"""",""orgID"":""digipolis"",""suggestType"":""agent"",""json"":""""}",ark:/83110/x0/dc3f1060-08f0-5e74-aaee-f6c66603d188
0d20ac91-3ee5-535b-9bfe-a2517b96f24b,tg:lhps:34511,VisualContent,1,10b665ad-3766-5b72-8f3c-e62086558c2d,au::15035,designers,"dlod={""id"":""ark:/83110/x0/10b665ad-3766-5b72-8f3c-e62086558c2d"",""text"":"""",""name"":"""",""nameWithContext"":"""",""orgID"":""digipolis"",""suggestType"":""agent"",""json"":""""}",ark:/83110/x0/10b665ad-3766-5b72-8f3c-e62086558c2d
0d20ac91-3ee5-535b-9bfe-a2517b96f24b,tg:lhps:34511,VisualContent,2,26e35d91-9a2a-57f8-9b15-f64505f4638f,au::15034,designers,"dlod={""id"":""ark:/83110/x0/26e35d91-9a2a-57f8-9b15-f64505f4638f"",""text"":"""",""name"":"""",""nameWithContext"":"""",""orgID"":""digipolis"",""suggestType"":""agent"",""json"":""""}",ark:/83110/x0/26e35d91-9a2a-57f8-9b15-f64505f4638f
293eed7a-eb0d-5c65-9c57-be904cddbc21,tg:lhps:6870,VisualContent,1,df9157fd-d726-5f99-97d2-f5f0afe565d8,au::17317,designers,"dlod={""id"":""ark:/83110/x0/df9157fd-d726-5f99-97d2-f5f0afe565d8"",""text"":"""",""name"":"""",""nameWithContext"":"""",""orgID"":""digipolis"",""suggestType"":""agent"",""json"":""""}",ark:/83110/x0/df9157fd-d726-5f99-97d2-f5f0afe565d8
d7486cb8-5ffc-55b4-8aa3-3f10f68ba930,tg:lhps:28027,VisualContent,1,52d984b2-6a80-54ea-8eb8-562a0de3aa0c,au::47864,designers,"dlod={""id"":""ark:/83110/x0/52d984b2-6a80-54ea-8eb8-562a0de3aa0c"",""text"":"""",""name"":"""",""nameWithContext"":"""",""orgID"":""digipolis"",""suggestType"":""agent"",""json"":""""}",ark:/83110/x0/52d984b2-6a80-54ea-8eb8-562a0de3aa0c
d7486cb8-5ffc-55b4-8aa3-3f10f68ba930,tg:lhps:28027,VisualContent,2,1ddf6c30-f617-5d85-a03f-68040f0b7926,au::48367,photographers,"dlod={""id"":""ark:/83110/x0/1ddf6c30-f617-5d85-a03f-68040f0b7926"",""text"":"""",""name"":"""",""nameWithContext"":"""",""orgID"":""digipolis"",""suggestType"":""agent"",""json"":""""}",ark:/83110/x0/1ddf6c30-f617-5d85-a03f-68040f0b7926
1170ac32-879a-5f30-990b-9919f4283422,tg:lhps:34004,VisualContent,1,73dcaf65-f1f7-5b27-97a0-ece370c69663,au::6691,designers,"dlod={""id"":""ark:/83110/x0/73dcaf65-f1f7-5b27-97a0-ece370c69663"",""text"":"""",""name"":"""",""nameWithContext"":"""",""orgID"":""digipolis"",""suggestType"":""agent"",""json"":""""}",ark:/83110/x0/73dcaf65-f1f7-5b27-97a0-ece370c69663
db4012b7-ceb2-5974-b688-a53c4fda391f,tg:lhps:18491,VisualContent,1,f8cd38eb-0b01-599f-9a53-f4fa137b43fc,au::58212,designers,"dlod={""id"":""ark:/83110/x0/f8cd38eb-0b01-599f-9a53-f4fa137b43fc"",""text"":"""",""name"":"""",""nameWithContext"":"""",""orgID"":""digipolis"",""suggestType"":""agent"",""json"":""""}",ark:/83110/x0/f8cd38eb-0b01-599f-9a53-f4fa137b43fc
68f5d335-fa3d-5aed-b77a-3563979ed0aa,tg:lhps:58325,VisualContent,1,5c127b21-0503-5032-9676-642d553c6e18,au::19765,designers,"dlod={""id"":""ark:/83110/x0/5c127b21-0503-5032-9676-642d553c6e18"",""text"":"""",""name"":"""",""nameWithContext"":"""",""orgID"":""digipolis"",""suggestType"":""agent"",""json"":""""}",ark:/83110/x0/5c127b21-0503-5032-9676-642d553c6e18
69a2d5ba-43e5-56a4-a373-6b85edd2091c,tg:lhps:49164,VisualContent,1,b14d494a-26f3-5cb9-8ae1-14688f3c217c,au::58644,designers,"dlod={""id"":""ark:/83110/x0/b14d494a-26f3-5cb9-8ae1-14688f3c217c"",""text"":"""",""name"":"""",""nameWithContext"":"""",""orgID"":""digipolis"",""suggestType"":""agent"",""json"":""""}",ark:/83110/x0/b14d494a-26f3-5cb9-8ae1-14688f3c217c
f6fc28a8-6935-5a4c-9a43-caaff01a09e7,tg:lhps:34454,VisualContent,1,b7f5980a-04b9-58d7-b8b7-fc71750a5b9d,au::46685,designers,"dlod={""id"":""ark:/83110/x0/b7f5980a-04b9-58d7-b8b7-fc71750a5b9d"",""text"":"""",""name"":"""",""nameWithContext"":"""",""orgID"":""digipolis"",""suggestType"":""agent"",""json"":""""}",ark:/83110/x0/b7f5980a-04b9-58d7-b8b7-fc71750a5b9d
80c03d1f-0bd9-5a54-a9d8-24ed0c79b926,tg:lhps:33391,VisualContent,1,6e732c91-da04-5854-8264-b0040e54a725,au::61022,designers,"dlod={""id"":""ark:/83110/x0/6e732c91-da04-5854-8264-b0040e54a725"",""text"":"""",""name"":"""",""nameWithContext"":"""",""orgID"":""digipolis"",""suggestType"":""agent"",""json"":""""}",ark:/83110/x0/6e732c91-da04-5854-8264-b0040e54a725
df54f9db-edef-5f2b-b8f0-a0dbb00b1e81,tg:lhps:36469,VisualContent,1,0c5f1f6b-c6be-535b-9cbd-c37e4c53c63b,au::58978,designers,"dlod={""id"":""ark:/83110/x0/0c5f1f6b-c6be-535b-9cbd-c37e4c53c63b"",""text"":"""",""name"":"""",""nameWithContext"":"""",""orgID"":""digipolis"",""suggestType"":""agent"",""json"":""""}",ark:/83110/x0/0c5f1f6b-c6be-535b-9cbd-c37e4c53c63b
cd6ff38e-9bba-543b-94f5-aebfa59e451e,tg:lhps:50345,VisualContent,1,1edc5135-da72-53cb-8e77-882055cc4b05,au::49900,designers,"dlod={""id"":""ark:/83110/x0/1edc5135-da72-53cb-8e77-882055cc4b05"",""text"":"""",""name"":"""",""nameWithContext"":"""",""orgID"":""digipolis"",""suggestType"":""agent"",""json"":""""}",ark:/83110/x0/1edc5135-da72-53cb-8e77-882055cc4b05
cd6ff38e-9bba-543b-94f5-aebfa59e451e,tg:lhps:50345,VisualContent,2,b9735117-aae0-58c0-a847-bf87f23396c0,au::9126,designers,"dlod={""id"":""ark:/83110/x0/b9735117-aae0-58c0-a847-bf87f23396c0"",""text"":"""",""name"":"""",""nameWithContext"":"""",""orgID"":""digipolis"",""suggestType"":""agent"",""json"":""""}",ark:/83110/x0/b9735117-aae0-58c0-a847-bf87f23396c0
a313fd29-5962-5434-91bb-0ae6b9aa77d2,tg:lhps:57480,VisualContent,1,219d2b30-3c83-56b1-99d5-6f4a471a9e4e,au::3348,designers,"dlod={""id"":""ark:/83110/x0/219d2b30-3c83-56b1-99d5-6f4a471a9e4e"",""text"":"""",""name"":"""",""nameWithContext"":"""",""orgID"":""digipolis"",""suggestType"":""agent"",""json"":""""}",ark:/83110/x0/219d2b30-3c83-56b1-99d5-6f4a471a9e4e
abd00537-c17b-54c9-8a49-a2dcfed2dc38,tg:lhps:12136,VisualContent,1,219d2b30-3c83-56b1-99d5-6f4a471a9e4e,au::3348,designers,"dlod={""id"":""ark:/83110/x0/219d2b30-3c83-56b1-99d5-6f4a471a9e4e"",""text"":"""",""name"":"""",""nameWithContext"":"""",""orgID"":""digipolis"",""suggestType"":""agent"",""json"":""""}",ark:/83110/x0/219d2b30-3c83-56b1-99d5-6f4a471a9e4e
9bb7709a-0bda-54c7-8a52-cf4a798a703b,tg:lhps:45844,VisualContent,1,98695f3b-0d04-5c01-811f-5cbf3617525d,au::107149,designers,"dlod={""id"":""ark:/83110/x0/98695f3b-0d04-5c01-811f-5cbf3617525d"",""text"":"""",""name"":"""",""nameWithContext"":"""",""orgID"":""digipolis"",""suggestType"":""agent"",""json"":""""}",ark:/83110/x0/98695f3b-0d04-5c01-811f-5cbf3617525d
a72a3571-5709-5d4e-af03-98bf2058cb0e,tg:lhps:8881,VisualContent,1,53277378-e961-5cbe-8776-625a0a78223d,au::47571,designers,"dlod={""id"":""ark:/83110/x0/53277378-e961-5cbe-8776-625a0a78223d"",""text"":"""",""name"":"""",""nameWithContext"":"""",""orgID"":""digipolis"",""suggestType"":""agent"",""json"":""""}",ark:/83110/x0/53277378-e961-5cbe-8776-625a0a78223d
88db4944-3e90-5317-926e-1073409c75f8,tg:lhps:19280,VisualContent,1,bf8d8d65-98db-5cf1-bcef-0ac45a908177,au::19733,designers,"dlod={""id"":""ark:/83110/x0/bf8d8d65-98db-5cf1-bcef-0ac45a908177"",""text"":"""",""name"":"""",""nameWithContext"":"""",""orgID"":""digipolis"",""suggestType"":""agent"",""json"":""""}",ark:/83110/x0/bf8d8d65-98db-5cf1-bcef-0ac45a908177
b8dd8dfd-9776-51f9-8910-fb12f2c26221,tg:lhps:48325,VisualContent,1,04a5c839-93d9-5867-8dcd-265da3c250ba,au::19842,designers,"dlod={""id"":""ark:/83110/x0/04a5c839-93d9-5867-8dcd-265da3c250ba"",""text"":"""",""name"":"""",""nameWithContext"":"""",""orgID"":""digipolis"",""suggestType"":""agent"",""json"":""""}",ark:/83110/x0/04a5c839-93d9-5867-8dcd-265da3c250ba
fd4033da-37d1-5cef-b771-3943a855f253,tg:lhps:30417,VisualContent,1,a2caf949-d221-5328-849d-3c80064a2161,au::45892,designers,"dlod={""id"":""ark:/83110/x0/a2caf949-d221-5328-849d-3c80064a2161"",""text"":"""",""name"":"""",""nameWithContext"":"""",""orgID"":""digipolis"",""suggestType"":""agent"",""json"":""""}",ark:/83110/x0/a2caf949-d221-5328-849d-3c80064a2161
b0a0ec29-b2e7-571d-878d-dbad470cd587,tg:lhps:1659,VisualContent,1,b30963df-609f-5845-ab81-22311c90db3f,au::13642,designers,"dlod={""id"":""ark:/83110/x0/b30963df-609f-5845-ab81-22311c90db3f"",""text"":"""",""name"":"""",""nameWithContext"":"""",""orgID"":""digipolis"",""suggestType"":""agent"",""json"":""""}",ark:/83110/x0/b30963df-609f-5845-ab81-22311c90db3f
da33d6c6-dd36-5e7d-a6f6-0d377cabd86c,tg:lhps:9269,VisualContent,1,3455c7f7-5565-575d-bae4-7df7e35f62cb,au::11866,designers,"dlod={""id"":""ark:/83110/x0/3455c7f7-5565-575d-bae4-7df7e35f62cb"",""text"":"""",""name"":"""",""nameWithContext"":"""",""orgID"":""digipolis"",""suggestType"":""agent"",""json"":""""}",ark:/83110/x0/3455c7f7-5565-575d-bae4-7df7e35f62cb
5f585231-d07c-5e53-a11c-063217b9527d,tg:lhps:21656,VisualContent,1,b9735117-aae0-58c0-a847-bf87f23396c0,au::9126,designers,"dlod={""id"":""ark:/83110/x0/b9735117-aae0-58c0-a847-bf87f23396c0"",""text"":"""",""name"":"""",""nameWithContext"":"""",""orgID"":""digipolis"",""suggestType"":""agent"",""json"":""""}",ark:/83110/x0/b9735117-aae0-58c0-a847-bf87f23396c0
20801311-771f-5461-abbd-311ba1ff4d43,tg:lhps:14518,VisualContent,1,beacbb18-68b3-567f-976a-b2eeb2ce22c0,au::12734,designers,"dlod={""id"":""ark:/83110/x0/beacbb18-68b3-567f-976a-b2eeb2ce22c0"",""text"":"""",""name"":"""",""nameWithContext"":"""",""orgID"":""digipolis"",""suggestType"":""agent"",""json"":""""}",ark:/83110/x0/beacbb18-68b3-567f-976a-b2eeb2ce22c0
a14da7a5-bd31-5a72-bff2-1fb47764f15c,tg:lhps:32580,VisualContent,1,6e732c91-da04-5854-8264-b0040e54a725,au::61022,designers,"dlod={""id"":""ark:/83110/x0/6e732c91-da04-5854-8264-b0040e54a725"",""text"":"""",""name"":"""",""nameWithContext"":"""",""orgID"":""digipolis"",""suggestType"":""agent"",""json"":""""}",ark:/83110/x0/6e732c91-da04-5854-8264-b0040e54a725
7b447a35-0619-5f07-9d99-64183639179f,tg:lhps:6036,VisualContent,1,84ecd2b2-2502-550b-a1c8-ce869ab922f1,au::45985,designers,"dlod={""id"":""ark:/83110/x0/84ecd2b2-2502-550b-a1c8-ce869ab922f1"",""text"":"""",""name"":"""",""nameWithContext"":"""",""orgID"":""digipolis"",""suggestType"":""agent"",""json"":""""}",ark:/83110/x0/84ecd2b2-2502-550b-a1c8-ce869ab922f1
eb6f3136-5231-581a-baa5-6fee4c398dcf,tg:lhps:35245,VisualContent,1,c707a6d5-1563-5c14-9c99-67f308a27f9c,au::106995,designers,"dlod={""id"":""ark:/83110/x0/c707a6d5-1563-5c14-9c99-67f308a27f9c"",""text"":"""",""name"":"""",""nameWithContext"":"""",""orgID"":""digipolis"",""suggestType"":""agent"",""json"":""""}",ark:/83110/x0/c707a6d5-1563-5c14-9c99-67f308a27f9c
30a38e0b-9c45-5449-8098-eada64d78f23,tg:lhps:54756,VisualContent,1,3455c7f7-5565-575d-bae4-7df7e35f62cb,au::11866,designers,"dlod={""id"":""ark:/83110/x0/3455c7f7-5565-575d-bae4-7df7e35f62cb"",""text"":"""",""name"":"""",""nameWithContext"":"""",""orgID"":""digipolis"",""suggestType"":""agent"",""json"":""""}",ark:/83110/x0/3455c7f7-5565-575d-bae4-7df7e35f62cb
c10e92ce-7a9b-5ba0-b5a0-56596e3521a1,tg:lhps:12835,VisualContent,1,d7075161-4495-56e1-b60b-9d12a8d09473,au::56680,designers,"dlod={""id"":""ark:/83110/x0/d7075161-4495-56e1-b60b-9d12a8d09473"",""text"":"""",""name"":"""",""nameWithContext"":"""",""orgID"":""digipolis"",""suggestType"":""agent"",""json"":""""}",ark:/83110/x0/d7075161-4495-56e1-b60b-9d12a8d09473
8e6133af-1903-50d9-874d-411a59882d8c,tg:lhps:5533,VisualContent,1,91d6c33f-ce58-5f73-9a56-11040d381eb0,au::45605,designers,"dlod={""id"":""ark:/83110/x0/91d6c33f-ce58-5f73-9a56-11040d381eb0"",""text"":"""",""name"":"""",""nameWithContext"":"""",""orgID"":""digipolis"",""suggestType"":""agent"",""json"":""""}",ark:/83110/x0/91d6c33f-ce58-5f73-9a56-11040d381eb0
f36588b7-3318-5c8f-9f7f-dd18e925f7b3,tg:lhps:36740,VisualContent,1,deb1f4b8-6ea1-5342-a956-fc7e9ec76a68,au::55393,designers,"dlod={""id"":""ark:/83110/x0/deb1f4b8-6ea1-5342-a956-fc7e9ec76a68"",""text"":"""",""name"":"""",""nameWithContext"":"""",""orgID"":""digipolis"",""suggestType"":""agent"",""json"":""""}",ark:/83110/x0/deb1f4b8-6ea1-5342-a956-fc7e9ec76a68
52ccea33-9ed2-56d8-99cd-9adb7abfcdce,tg:lhps:22353,VisualContent,1,322d6244-6035-5316-a125-3e560bc21def,au::45607,designers,"dlod={""id"":""ark:/83110/x0/322d6244-6035-5316-a125-3e560bc21def"",""text"":"""",""name"":"""",""nameWithContext"":"""",""orgID"":""digipolis"",""suggestType"":""agent"",""json"":""""}",ark:/83110/x0/322d6244-6035-5316-a125-3e560bc21def
2a81194f-5f95-5131-ad79-6c1aebc37159,tg:lhps:25496,VisualContent,1,124aa271-77b7-5adc-a078-c4149e80ae0f,au::44554,designers,"dlod={""id"":""ark:/83110/x0/124aa271-77b7-5adc-a078-c4149e80ae0f"",""text"":"""",""name"":"""",""nameWithContext"":"""",""orgID"":""digipolis"",""suggestType"":""agent"",""json"":""""}",ark:/83110/x0/124aa271-77b7-5adc-a078-c4149e80ae0f
2b5c5ea7-26b6-5e04-a952-b2b92dcfa490,tg:lhps:43640,VisualContent,1,bb56c824-1432-500a-8b66-4a8bc1fc2e20,au::58185,designers,"dlod={""id"":""ark:/83110/x0/bb56c824-1432-500a-8b66-4a8bc1fc2e20"",""text"":"""",""name"":"""",""nameWithContext"":"""",""orgID"":""digipolis"",""suggestType"":""agent"",""json"":""""}",ark:/83110/x0/bb56c824-1432-500a-8b66-4a8bc1fc2e20
a68240ea-0136-5b9f-8876-a8fc470f2f48,tg:lhps:46442,VisualContent,1,f11ddcf0-898a-5b83-8b44-2d829f5f5aa7,au::48508,designers,"dlod={""id"":""ark:/83110/x0/f11ddcf0-898a-5b83-8b44-2d829f5f5aa7"",""text"":"""",""name"":"""",""nameWithContext"":"""",""orgID"":""digipolis"",""suggestType"":""agent"",""json"":""""}",ark:/83110/x0/f11ddcf0-898a-5b83-8b44-2d829f5f5aa7
a68240ea-0136-5b9f-8876-a8fc470f2f48,tg:lhps:46442,VisualContent,2,38dc3685-a5bd-5a41-a06a-7af037d8ddaa,au::49907,designers,"dlod={""id"":""ark:/83110/x0/38dc3685-a5bd-5a41-a06a-7af037d8ddaa"",""text"":"""",""name"":"""",""nameWithContext"":"""",""orgID"":""digipolis"",""suggestType"":""agent"",""json"":""""}",ark:/83110/x0/38dc3685-a5bd-5a41-a06a-7af037d8ddaa
3f19272f-284f-58ca-b3fb-73985c44fd43,tg:lhps:20694,VisualContent,1,8de2377b-e569-5d96-bde8-1e6b8d752bfe,au::44908,designers,"dlod={""id"":""ark:/83110/x0/8de2377b-e569-5d96-bde8-1e6b8d752bfe"",""text"":"""",""name"":"""",""nameWithContext"":"""",""orgID"":""digipolis"",""suggestType"":""agent"",""json"":""""}",ark:/83110/x0/8de2377b-e569-5d96-bde8-1e6b8d752bfe
5bc62473-4b99-58e5-9dde-32110dea5f93,tg:lhps:34287,VisualContent,1,d0d589fe-8543-5d84-8318-ade7bdc905b9,au::58736,designers,"dlod={""id"":""ark:/83110/x0/d0d589fe-8543-5d84-8318-ade7bdc905b9"",""text"":"""",""name"":"""",""nameWithContext"":"""",""orgID"":""digipolis"",""suggestType"":""agent"",""json"":""""}",ark:/83110/x0/d0d589fe-8543-5d84-8318-ade7bdc905b9
2b8f85d5-eb21-5780-a3a1-9921415766a8,tg:lhps:54886,VisualContent,1,19f74932-5551-5ea5-ae50-d71fea6f6dad,au::22346,photographers,"dlod={""id"":""ark:/83110/x0/19f74932-5551-5ea5-ae50-d71fea6f6dad"",""text"":"""",""name"":"""",""nameWithContext"":"""",""orgID"":""digipolis"",""suggestType"":""agent"",""json"":""""}",ark:/83110/x0/19f74932-5551-5ea5-ae50-d71fea6f6dad
793be178-ed7b-575b-bba4-1d8dd8d540e0,tg:lhps:56911,VisualContent,1,ae24b3dd-26c5-5379-bcd2-6c371800e187,au::58497,designers,"dlod={""id"":""ark:/83110/x0/ae24b3dd-26c5-5379-bcd2-6c371800e187"",""text"":"""",""name"":"""",""nameWithContext"":"""",""orgID"":""digipolis"",""suggestType"":""agent"",""json"":""""}",ark:/83110/x0/ae24b3dd-26c5-5379-bcd2-6c371800e187
7b0c4ec6-0bcf-563b-9c75-495fa0030dc9,tg:lhps:10388,VisualContent,1,31cf9303-e648-5a99-9356-317f0b782393,au::14475,designers,"dlod={""id"":""ark:/83110/x0/31cf9303-e648-5a99-9356-317f0b782393"",""text"":"""",""name"":"""",""nameWithContext"":"""",""orgID"":""digipolis"",""suggestType"":""agent"",""json"":""""}",ark:/83110/x0/31cf9303-e648-5a99-9356-317f0b782393
2a552c91-6b66-5030-9462-b9fe50a1ae83,tg:lhps:11960,VisualContent,1,9722699f-77eb-5280-a856-b3b2abda0b68,au::2510,designers,"dlod={""id"":""ark:/83110/x0/9722699f-77eb-5280-a856-b3b2abda0b68"",""text"":"""",""name"":"""",""nameWithContext"":"""",""orgID"":""digipolis"",""suggestType"":""agent"",""json"":""""}",ark:/83110/x0/9722699f-77eb-5280-a856-b3b2abda0b68
2a552c91-6b66-5030-9462-b9fe50a1ae83,tg:lhps:11960,VisualContent,2,4563f6a1-2806-5967-94f9-11fdcd7b6a2b,au::56764,designers,"dlod={""id"":""ark:/83110/x0/4563f6a1-2806-5967-94f9-11fdcd7b6a2b"",""text"":"""",""name"":"""",""nameWithContext"":"""",""orgID"":""digipolis"",""suggestType"":""agent"",""json"":""""}",ark:/83110/x0/4563f6a1-2806-5967-94f9-11fdcd7b6a2b
b0103511-0414-53c2-8891-a575d5a55d90,tg:lhps:10672,VisualContent,1,14a8beab-81ad-5762-9a96-454bb0309cc4,au::19633,designers,"dlod={""id"":""ark:/83110/x0/14a8beab-81ad-5762-9a96-454bb0309cc4"",""text"":"""",""name"":"""",""nameWithContext"":"""",""orgID"":""digipolis"",""suggestType"":""agent"",""json"":""""}",ark:/83110/x0/14a8beab-81ad-5762-9a96-454bb0309cc4
d07792e8-c7e5-5eec-8583-0b6d5368a762,tg:lhps:8751,VisualContent,1,bdfacf66-bebe-59b1-957b-9d4692f4f774,au::47502,designers,"dlod={""id"":""ark:/83110/x0/bdfacf66-bebe-59b1-957b-9d4692f4f774"",""text"":"""",""name"":"""",""nameWithContext"":"""",""orgID"":""digipolis"",""suggestType"":""agent"",""json"":""""}",ark:/83110/x0/bdfacf66-bebe-59b1-957b-9d4692f4f774
7884c7f3-c597-5b6e-bff7-b9ff8addd100,tg:lhps:18242,VisualContent,1,4fb8e7ba-d2cf-5378-835a-734b2127b12a,au::58170,designers,"dlod={""id"":""ark:/83110/x0/4fb8e7ba-d2cf-5378-835a-734b2127b12a"",""text"":"""",""name"":"""",""nameWithContext"":"""",""orgID"":""digipolis"",""suggestType"":""agent"",""json"":""""}",ark:/83110/x0/4fb8e7ba-d2cf-5378-835a-734b2127b12a
e21d423a-efe7-5b3a-a8c5-97264db74a6d,tg:lhps:51387,VisualContent,1,c51c37f8-61f4-5328-8928-d5f701aa0861,au::12395,designers,"dlod={""id"":""ark:/83110/x0/c51c37f8-61f4-5328-8928-d5f701aa0861"",""text"":"""",""name"":"""",""nameWithContext"":"""",""orgID"":""digipolis"",""suggestType"":""agent"",""json"":""""}",ark:/83110/x0/c51c37f8-61f4-5328-8928-d5f701aa0861
75ba8450-57fe-520c-9ef0-0137a16b6e79,tg:lhps:42051,VisualContent,1,b9f620b6-34a3-5369-9ec3-65c7d054900c,au::58721,designers,"dlod={""id"":""ark:/83110/x0/b9f620b6-34a3-5369-9ec3-65c7d054900c"",""text"":"""",""name"":"""",""nameWithContext"":"""",""orgID"":""digipolis"",""suggestType"":""agent"",""json"":""""}",ark:/83110/x0/b9f620b6-34a3-5369-9ec3-65c7d054900c
46df63b0-c81a-513a-8384-224aaa935a69,tg:lhps:53640,VisualContent,1,b1329c1f-9fbd-5c92-beb8-b03121b8e74a,au::5763,designers,"dlod={""id"":""ark:/83110/x0/b1329c1f-9fbd-5c92-beb8-b03121b8e74a"",""text"":"""",""name"":"""",""nameWithContext"":"""",""orgID"":""digipolis"",""suggestType"":""agent"",""json"":""""}",ark:/83110/x0/b1329c1f-9fbd-5c92-beb8-b03121b8e74a
d50e4fdd-d7ec-57e4-a6c1-e8d8a68d86d1,tg:lhps:32353,VisualContent,1,0d8ed93a-17a0-53b7-810a-5a655b9c9f45,au::59445,designers,"dlod={""id"":""ark:/83110/x0/0d8ed93a-17a0-53b7-810a-5a655b9c9f45"",""text"":"""",""name"":"""",""nameWithContext"":"""",""orgID"":""digipolis"",""suggestType"":""agent"",""json"":""""}",ark:/83110/x0/0d8ed93a-17a0-53b7-810a-5a655b9c9f45
c62ebeae-cc5e-5cf9-86d3-f6df0fc21469,tg:lhps:5860,VisualContent,1,31cf9303-e648-5a99-9356-317f0b782393,au::14475,designers,"dlod={""id"":""ark:/83110/x0/31cf9303-e648-5a99-9356-317f0b782393"",""text"":"""",""name"":"""",""nameWithContext"":"""",""orgID"":""digipolis"",""suggestType"":""agent"",""json"":""""}",ark:/83110/x0/31cf9303-e648-5a99-9356-317f0b782393
a950357c-6766-5cc6-bcef-ac46fe06dad1,tg:lhps:4772,VisualContent,1,2f78fe5a-25db-5ae6-9950-a0ca352e7948,au::5126,designers,"dlod={""id"":""ark:/83110/x0/2f78fe5a-25db-5ae6-9950-a0ca352e7948"",""text"":"""",""name"":"""",""nameWithContext"":"""",""orgID"":""digipolis"",""suggestType"":""agent"",""json"":""""}",ark:/83110/x0/2f78fe5a-25db-5ae6-9950-a0ca352e7948
42a9ceee-db08-524e-888f-a65336c7dd8e,tg:lhps:11599,VisualContent,1,deb1f4b8-6ea1-5342-a956-fc7e9ec76a68,au::55393,designers,"dlod={""id"":""ark:/83110/x0/deb1f4b8-6ea1-5342-a956-fc7e9ec76a68"",""text"":"""",""name"":"""",""nameWithContext"":"""",""orgID"":""digipolis"",""suggestType"":""agent"",""json"":""""}",ark:/83110/x0/deb1f4b8-6ea1-5342-a956-fc7e9ec76a68
99c83ccc-938a-5090-be7b-e66d6cd911d6,tg:lhps:9140,VisualContent,1,3455c7f7-5565-575d-bae4-7df7e35f62cb,au::11866,designers,"dlod={""id"":""ark:/83110/x0/3455c7f7-5565-575d-bae4-7df7e35f62cb"",""text"":"""",""name"":"""",""nameWithContext"":"""",""orgID"":""digipolis"",""suggestType"":""agent"",""json"":""""}",ark:/83110/x0/3455c7f7-5565-575d-bae4-7df7e35f62cb
bfa8146b-2811-58b3-be5a-1dcf21b4030c,tg:lhps:32703,VisualContent,1,3638bb25-6e57-5807-b99d-96b51e290621,au::58759,designers,"dlod={""id"":""ark:/83110/x0/3638bb25-6e57-5807-b99d-96b51e290621"",""text"":"""",""name"":"""",""nameWithContext"":"""",""orgID"":""digipolis"",""suggestType"":""agent"",""json"":""""}",ark:/83110/x0/3638bb25-6e57-5807-b99d-96b51e290621
a2801c9f-2cce-54d5-b8dc-2c187c1c3b47,tg:lhps:19453,VisualContent,1,adbbcc70-227c-50a8-97d9-1bbf8fc98b61,au::45169,designers,"dlod={""id"":""ark:/83110/x0/adbbcc70-227c-50a8-97d9-1bbf8fc98b61"",""text"":"""",""name"":"""",""nameWithContext"":"""",""orgID"":""digipolis"",""suggestType"":""agent"",""json"":""""}",ark:/83110/x0/adbbcc70-227c-50a8-97d9-1bbf8fc98b61
6f145c38-6002-54ea-af17-e5021e97f8f0,tg:lhps:4288,VisualContent,1,0eb07cfd-77e6-5a03-b90e-b634b4ac2d26,au::2216,designers,"dlod={""id"":""ark:/83110/x0/0eb07cfd-77e6-5a03-b90e-b634b4ac2d26"",""text"":"""",""name"":"""",""nameWithContext"":"""",""orgID"":""digipolis"",""suggestType"":""agent"",""json"":""""}",ark:/83110/x0/0eb07cfd-77e6-5a03-b90e-b634b4ac2d26
4458f750-a282-52e0-a12f-5ec14d8bab61,tg:lhps:33811,VisualContent,1,73dcaf65-f1f7-5b27-97a0-ece370c69663,au::6691,designers,"dlod={""id"":""ark:/83110/x0/73dcaf65-f1f7-5b27-97a0-ece370c69663"",""text"":"""",""name"":"""",""nameWithContext"":"""",""orgID"":""digipolis"",""suggestType"":""agent"",""json"":""""}",ark:/83110/x0/73dcaf65-f1f7-5b27-97a0-ece370c69663
6afad95c-df5f-5e06-afe3-a13277a60fa8,tg:lhps:11576,VisualContent,1,a7476025-13ca-5404-840a-1efcc3933cc3,au::7116,designers,"dlod={""id"":""ark:/83110/x0/a7476025-13ca-5404-840a-1efcc3933cc3"",""text"":"""",""name"":"""",""nameWithContext"":"""",""orgID"":""digipolis"",""suggestType"":""agent"",""json"":""""}",ark:/83110/x0/a7476025-13ca-5404-840a-1efcc3933cc3
2d189109-ee43-5273-ad60-f004fbe972dd,tg:lhps:27917,VisualContent,1,7bf4acea-8e89-524b-b8c3-bc2e17dfc8da,au::58517,designers,"dlod={""id"":""ark:/83110/x0/7bf4acea-8e89-524b-b8c3-bc2e17dfc8da"",""text"":"""",""name"":"""",""nameWithContext"":"""",""orgID"":""digipolis"",""suggestType"":""agent"",""json"":""""}",ark:/83110/x0/7bf4acea-8e89-524b-b8c3-bc2e17dfc8da
e22b039e-3e93-5eb5-88c8-d68c0ac5182e,tg:lhps:32216,VisualContent,1,c67a21c7-3a46-5e23-81d9-b6bee47bc3d7,au::59537,designers,"dlod={""id"":""ark:/83110/x0/c67a21c7-3a46-5e23-81d9-b6bee47bc3d7"",""text"":"""",""name"":"""",""nameWithContext"":"""",""orgID"":""digipolis"",""suggestType"":""agent"",""json"":""""}",ark:/83110/x0/c67a21c7-3a46-5e23-81d9-b6bee47bc3d7
0c3195d7-e8a8-56cf-927d-a3176274ab7c,tg:lhps:4267,VisualContent,1,3455c7f7-5565-575d-bae4-7df7e35f62cb,au::11866,designers,"dlod={""id"":""ark:/83110/x0/3455c7f7-5565-575d-bae4-7df7e35f62cb"",""text"":"""",""name"":"""",""nameWithContext"":"""",""orgID"":""digipolis"",""suggestType"":""agent"",""json"":""""}",ark:/83110/x0/3455c7f7-5565-575d-bae4-7df7e35f62cb
0bfd1888-2802-5bce-9800-a0e7123a6c61,tg:lhps:42114,VisualContent,1,93d58a29-b6f3-5741-ac05-82ec2bbf8684,au::45297,designers,"dlod={""id"":""ark:/83110/x0/93d58a29-b6f3-5741-ac05-82ec2bbf8684"",""text"":"""",""name"":"""",""nameWithContext"":"""",""orgID"":""digipolis"",""suggestType"":""agent"",""json"":""""}",ark:/83110/x0/93d58a29-b6f3-5741-ac05-82ec2bbf8684
c85dfc39-ac22-5d06-a17a-574a9d36a9e2,tg:lhps:46854,VisualContent,1,52d984b2-6a80-54ea-8eb8-562a0de3aa0c,au::47864,designers,"dlod={""id"":""ark:/83110/x0/52d984b2-6a80-54ea-8eb8-562a0de3aa0c"",""text"":"""",""name"":"""",""nameWithContext"":"""",""orgID"":""digipolis"",""suggestType"":""agent"",""json"":""""}",ark:/83110/x0/52d984b2-6a80-54ea-8eb8-562a0de3aa0c
5648e5a2-670c-55c1-b8f0-17d2026c51a1,tg:lhps:9005,VisualContent,1,74e09d71-f76e-53bf-aa86-85cfcd95c045,au::47611,designers,"dlod={""id"":""ark:/83110/x0/74e09d71-f76e-53bf-aa86-85cfcd95c045"",""text"":"""",""name"":"""",""nameWithContext"":"""",""orgID"":""digipolis"",""suggestType"":""agent"",""json"":""""}",ark:/83110/x0/74e09d71-f76e-53bf-aa86-85cfcd95c045
063022ad-ccaa-5274-b08f-237dd0c2ca44,tg:lhps:32646,VisualContent,1,8292a21c-2335-5fb5-b693-49d34e9225a4,au::61106,designers,"dlod={""id"":""ark:/83110/x0/8292a21c-2335-5fb5-b693-49d34e9225a4"",""text"":"""",""name"":"""",""nameWithContext"":"""",""orgID"":""digipolis"",""suggestType"":""agent"",""json"":""""}",ark:/83110/x0/8292a21c-2335-5fb5-b693-49d34e9225a4
d368e43d-a47f-58de-86fb-a25a6bd39880,tg:lhps:51368,VisualContent,1,067cacf5-55a7-52f9-97da-509dcad2be2f,au::31562,designers,"dlod={""id"":""ark:/83110/x0/067cacf5-55a7-52f9-97da-509dcad2be2f"",""text"":"""",""name"":"""",""nameWithContext"":"""",""orgID"":""digipolis"",""suggestType"":""agent"",""json"":""""}",ark:/83110/x0/067cacf5-55a7-52f9-97da-509dcad2be2f
7c744239-0d58-557a-9b14-e414ac45b64c,tg:lhps:33954,VisualContent,1,75852eb2-4683-5e19-9f05-00f0ec4d869a,au::58765,designers,"dlod={""id"":""ark:/83110/x0/75852eb2-4683-5e19-9f05-00f0ec4d869a"",""text"":"""",""name"":"""",""nameWithContext"":"""",""orgID"":""digipolis"",""suggestType"":""agent"",""json"":""""}",ark:/83110/x0/75852eb2-4683-5e19-9f05-00f0ec4d869a
80861429-4c33-5f16-bbf2-16c568196543,tg:lhps:7918,VisualContent,1,e5a92f8c-1d41-56eb-a0b9-224841da8012,au::17957,designers,"dlod={""id"":""ark:/83110/x0/e5a92f8c-1d41-56eb-a0b9-224841da8012"",""text"":"""",""name"":"""",""nameWithContext"":"""",""orgID"":""digipolis"",""suggestType"":""agent"",""json"":""""}",ark:/83110/x0/e5a92f8c-1d41-56eb-a0b9-224841da8012
3c08d51f-6cfb-5182-b89e-25ada5956984,tg:lhps:5925,VisualContent,1,e74b7ad2-cede-5590-8a3f-c513dbd2bcb3,au::45955,designers,"dlod={""id"":""ark:/83110/x0/e74b7ad2-cede-5590-8a3f-c513dbd2bcb3"",""text"":"""",""name"":"""",""nameWithContext"":"""",""orgID"":""digipolis"",""suggestType"":""agent"",""json"":""""}",ark:/83110/x0/e74b7ad2-cede-5590-8a3f-c513dbd2bcb3
f2aeca88-b4dd-5137-a566-7ceaf60b4cdc,tg:lhps:4637,VisualContent,1,3455c7f7-5565-575d-bae4-7df7e35f62cb,au::11866,designers,"dlod={""id"":""ark:/83110/x0/3455c7f7-5565-575d-bae4-7df7e35f62cb"",""text"":"""",""name"":"""",""nameWithContext"":"""",""orgID"":""digipolis"",""suggestType"":""agent"",""json"":""""}",ark:/83110/x0/3455c7f7-5565-575d-bae4-7df7e35f62cb
a45d4e1c-c6bb-5538-a6e5-8640dc35ea65,tg:lhps:14324,VisualContent,1,6f21a0aa-9b8c-5879-a415-17e525d3ef00,au::57073,designers,"dlod={""id"":""ark:/83110/x0/6f21a0aa-9b8c-5879-a415-17e525d3ef00"",""text"":"""",""name"":"""",""nameWithContext"":"""",""orgID"":""digipolis"",""suggestType"":""agent"",""json"":""""}",ark:/83110/x0/6f21a0aa-9b8c-5879-a415-17e525d3ef00
389aafe0-e522-5cdd-aac4-a39f27e67a78,tg:lhps:46507,VisualContent,1,0ffff75f-d847-5852-850e-22159b4fb701,au::107488,designers,"dlod={""id"":""ark:/83110/x0/0ffff75f-d847-5852-850e-22159b4fb701"",""text"":"""",""name"":"""",""nameWithContext"":"""",""orgID"":""digipolis"",""suggestType"":""agent"",""json"":""""}",ark:/83110/x0/0ffff75f-d847-5852-850e-22159b4fb701
a417ec01-8816-5401-a26e-531314e67362,tg:lhps:33407,VisualContent,1,38ac3364-7378-5293-9a59-ae7629047d0c,au::58768,designers,"dlod={""id"":""ark:/83110/x0/38ac3364-7378-5293-9a59-ae7629047d0c"",""text"":"""",""name"":"""",""nameWithContext"":"""",""orgID"":""digipolis"",""suggestType"":""agent"",""json"":""""}",ark:/83110/x0/38ac3364-7378-5293-9a59-ae7629047d0c
369deef4-1157-5c52-9c83-ccff07b4c4cb,tg:lhps:36605,VisualContent,1,fab982c4-a8b9-583c-9f88-98de20160102,au::59099,designers,"dlod={""id"":""ark:/83110/x0/fab982c4-a8b9-583c-9f88-98de20160102"",""text"":"""",""name"":"""",""nameWithContext"":"""",""orgID"":""digipolis"",""suggestType"":""agent"",""json"":""""}",ark:/83110/x0/fab982c4-a8b9-583c-9f88-98de20160102
be592a46-d785-5b8d-838d-d199bbae7eef,tg:lhps:5476,VisualContent,1,52f911f0-8a33-5bfb-ace3-0428f112ca69,au::825,designers,"dlod={""id"":""ark:/83110/x0/52f911f0-8a33-5bfb-ace3-0428f112ca69"",""text"":"""",""name"":"""",""nameWithContext"":"""",""orgID"":""digipolis"",""suggestType"":""agent"",""json"":""""}",ark:/83110/x0/52f911f0-8a33-5bfb-ace3-0428f112ca69
499dd772-dcf9-514d-ab7f-c77aa75070ae,tg:lhps:953,VisualContent,1,3dee06c2-a483-5563-84ea-86e4ef133a34,au::5833,designers,"dlod={""id"":""ark:/83110/x0/3dee06c2-a483-5563-84ea-86e4ef133a34"",""text"":"""",""name"":"""",""nameWithContext"":"""",""orgID"":""digipolis"",""suggestType"":""agent"",""json"":""""}",ark:/83110/x0/3dee06c2-a483-5563-84ea-86e4ef133a34
bd6b672c-d351-53f2-8c44-a761b09e3ba4,tg:lhps:11825,VisualContent,1,9b0d14e6-80a8-52c7-9ed3-a4bb2a39bdb1,au::19214,designers,"dlod={""id"":""ark:/83110/x0/9b0d14e6-80a8-52c7-9ed3-a4bb2a39bdb1"",""text"":"""",""name"":"""",""nameWithContext"":"""",""orgID"":""digipolis"",""suggestType"":""agent"",""json"":""""}",ark:/83110/x0/9b0d14e6-80a8-52c7-9ed3-a4bb2a39bdb1
8b654ae0-8794-5697-9a9f-817282b2e45e,tg:lhps:8614,VisualContent,1,b24cf319-e359-5260-a8cd-8dde07790c9a,au::14591,designers,"dlod={""id"":""ark:/83110/x0/b24cf319-e359-5260-a8cd-8dde07790c9a"",""text"":"""",""name"":"""",""nameWithContext"":"""",""orgID"":""digipolis"",""suggestType"":""agent"",""json"":""""}",ark:/83110/x0/b24cf319-e359-5260-a8cd-8dde07790c9a
8b654ae0-8794-5697-9a9f-817282b2e45e,tg:lhps:8614,VisualContent,2,bffbe8bf-15e5-5213-91a0-72e061307ed7,au::3272,designers,"dlod={""id"":""ark:/83110/x0/bffbe8bf-15e5-5213-91a0-72e061307ed7"",""text"":"""",""name"":"""",""nameWithContext"":"""",""orgID"":""digipolis"",""suggestType"":""agent"",""json"":""""}",ark:/83110/x0/bffbe8bf-15e5-5213-91a0-72e061307ed7
b04273f0-4f9f-57c0-b3f9-15095004d2a1,tg:lhps:46157,VisualContent,1,56a39bef-64b5-50d4-b0c2-0d66c4517623,au::57947,designers,"dlod={""id"":""ark:/83110/x0/56a39bef-64b5-50d4-b0c2-0d66c4517623"",""text"":"""",""name"":"""",""nameWithContext"":"""",""orgID"":""digipolis"",""suggestType"":""agent"",""json"":""""}",ark:/83110/x0/56a39bef-64b5-50d4-b0c2-0d66c4517623
9d545d21-79dd-5db1-b5cc-39b0f8245833,tg:lhps:2219,VisualContent,1,c6f36f10-310f-5d49-b690-8e369f0c0a0e,au::15058,designers,"dlod={""id"":""ark:/83110/x0/c6f36f10-310f-5d49-b690-8e369f0c0a0e"",""text"":"""",""name"":"""",""nameWithContext"":"""",""orgID"":""digipolis"",""suggestType"":""agent"",""json"":""""}",ark:/83110/x0/c6f36f10-310f-5d49-b690-8e369f0c0a0e
2f27586b-9d75-5a83-9c2d-5c986e7c2b21,tg:lhps:33057,VisualContent,1,36cce5ce-dac3-5fda-9e13-6652ed0f77ac,au::59505,designers,"dlod={""id"":""ark:/83110/x0/36cce5ce-dac3-5fda-9e13-6652ed0f77ac"",""text"":"""",""name"":"""",""nameWithContext"":"""",""orgID"":""digipolis"",""suggestType"":""agent"",""json"":""""}",ark:/83110/x0/36cce5ce-dac3-5fda-9e13-6652ed0f77ac
b94b0839-f472-5cad-8ef5-072c43813811,tg:lhps:54869,VisualContent,1,64e49208-2490-5117-bf57-86bfe22912c0,au::19866,designers,"dlod={""id"":""ark:/83110/x0/64e49208-2490-5117-bf57-86bfe22912c0"",""text"":"""",""name"":"""",""nameWithContext"":"""",""orgID"":""digipolis"",""suggestType"":""agent"",""json"":""""}",ark:/83110/x0/64e49208-2490-5117-bf57-86bfe22912c0
be8726c8-8502-5705-bb3b-0286641e6707,tg:lhps:34268,VisualContent,1,79440d58-ab66-5fec-9dd2-f75a1e56e5ee,au::58735,designers,"dlod={""id"":""ark:/83110/x0/79440d58-ab66-5fec-9dd2-f75a1e56e5ee"",""text"":"""",""name"":"""",""nameWithContext"":"""",""orgID"":""digipolis"",""suggestType"":""agent"",""json"":""""}",ark:/83110/x0/79440d58-ab66-5fec-9dd2-f75a1e56e5ee
6eecc212-b8c9-57f0-8079-dd07c6d1be44,tg:lhps:44490,VisualContent,1,dbd653c9-9e0c-5b94-b3c6-881aaf29d7ac,au::107317,designers,"dlod={""id"":""ark:/83110/x0/dbd653c9-9e0c-5b94-b3c6-881aaf29d7ac"",""text"":"""",""name"":"""",""nameWithContext"":"""",""orgID"":""digipolis"",""suggestType"":""agent"",""json"":""""}",ark:/83110/x0/dbd653c9-9e0c-5b94-b3c6-881aaf29d7ac
09e380de-d9b8-5d0a-8f60-8ef0690b2e5c,tg:lhps:21969,VisualContent,1,a6954bd9-e3c1-5c5a-9b71-a79838e91eab,au::2874,designers,"dlod={""id"":""ark:/83110/x0/a6954bd9-e3c1-5c5a-9b71-a79838e91eab"",""text"":"""",""name"":"""",""nameWithContext"":"""",""orgID"":""digipolis"",""suggestType"":""agent"",""json"":""""}",ark:/83110/x0/a6954bd9-e3c1-5c5a-9b71-a79838e91eab
26ef6bff-09a9-56cb-a815-b18894507ba6,tg:lhps:22168,VisualContent,1,322d6244-6035-5316-a125-3e560bc21def,au::45607,designers,"dlod={""id"":""ark:/83110/x0/322d6244-6035-5316-a125-3e560bc21def"",""text"":"""",""name"":"""",""nameWithContext"":"""",""orgID"":""digipolis"",""suggestType"":""agent"",""json"":""""}",ark:/83110/x0/322d6244-6035-5316-a125-3e560bc21def
235faebe-a26d-5a6a-ab1b-e82d6d5b80de,tg:lhps:46383,VisualContent,1,f23c50f1-c117-58d8-a8c6-95ebb9d67a54,au::44894,designers,"dlod={""id"":""ark:/83110/x0/f23c50f1-c117-58d8-a8c6-95ebb9d67a54"",""text"":"""",""name"":"""",""nameWithContext"":"""",""orgID"":""digipolis"",""suggestType"":""agent"",""json"":""""}",ark:/83110/x0/f23c50f1-c117-58d8-a8c6-95ebb9d67a54
f4a7ab58-037e-58a9-a6f4-23ebbf48f38c,tg:lhps:33779,VisualContent,1,caf26946-694b-5b13-8485-4aa7bc66c8b9,au::59396,designers,"dlod={""id"":""ark:/83110/x0/caf26946-694b-5b13-8485-4aa7bc66c8b9"",""text"":"""",""name"":"""",""nameWithContext"":"""",""orgID"":""digipolis"",""suggestType"":""agent"",""json"":""""}",ark:/83110/x0/caf26946-694b-5b13-8485-4aa7bc66c8b9
19e6a5ae-05e7-57ec-982d-903bf057b058,tg:lhps:18429,VisualContent,1,a1d5d946-c8e3-5821-9d0d-409cae114cbd,au::12195,designers,"dlod={""id"":""ark:/83110/x0/a1d5d946-c8e3-5821-9d0d-409cae114cbd"",""text"":"""",""name"":"""",""nameWithContext"":"""",""orgID"":""digipolis"",""suggestType"":""agent"",""json"":""""}",ark:/83110/x0/a1d5d946-c8e3-5821-9d0d-409cae114cbd
c0c6436b-dd43-5db9-bf8a-9dd9b29e9c1b,tg:lhps:45956,VisualContent,1,93f42e62-5941-5ebc-90f7-199db76e3712,au::56961,designers,"dlod={""id"":""ark:/83110/x0/93f42e62-5941-5ebc-90f7-199db76e3712"",""text"":"""",""name"":"""",""nameWithContext"":"""",""orgID"":""digipolis"",""suggestType"":""agent"",""json"":""""}",ark:/83110/x0/93f42e62-5941-5ebc-90f7-199db76e3712
9db994be-a025-5af0-a84a-57589a32a1d9,tg:lhps:25357,VisualContent,1,322d6244-6035-5316-a125-3e560bc21def,au::45607,designers,"dlod={""id"":""ark:/83110/x0/322d6244-6035-5316-a125-3e560bc21def"",""text"":"""",""name"":"""",""nameWithContext"":"""",""orgID"":""digipolis"",""suggestType"":""agent"",""json"":""""}",ark:/83110/x0/322d6244-6035-5316-a125-3e560bc21def
9dad8744-422d-59ad-b7f0-c57f82a28e39,tg:lhps:16964,VisualContent,1,27c7d733-8ebf-519a-a90a-4727eaa73a84,au::16810,photographers,"dlod={""id"":""ark:/83110/x0/27c7d733-8ebf-519a-a90a-4727eaa73a84"",""text"":"""",""name"":"""",""nameWithContext"":"""",""orgID"":""digipolis"",""suggestType"":""agent"",""json"":""""}",ark:/83110/x0/27c7d733-8ebf-519a-a90a-4727eaa73a84
4e4ed0b6-e5ca-500d-82a0-af868639dea1,tg:lhps:57438,VisualContent,1,78629332-3877-57d5-9cb3-ec7bb6567280,au::7551,designers,"dlod={""id"":""ark:/83110/x0/78629332-3877-57d5-9cb3-ec7bb6567280"",""text"":"""",""name"":"""",""nameWithContext"":"""",""orgID"":""digipolis"",""suggestType"":""agent"",""json"":""""}",ark:/83110/x0/78629332-3877-57d5-9cb3-ec7bb6567280
86531fda-82c1-5f97-8794-54e35363685a,tg:lhps:34116,VisualContent,1,6cd6151c-8000-5c62-9da6-6e47aafeb1e5,au::58965,designers,"dlod={""id"":""ark:/83110/x0/6cd6151c-8000-5c62-9da6-6e47aafeb1e5"",""text"":"""",""name"":"""",""nameWithContext"":"""",""orgID"":""digipolis"",""suggestType"":""agent"",""json"":""""}",ark:/83110/x0/6cd6151c-8000-5c62-9da6-6e47aafeb1e5
15975adf-d19a-5c2a-890d-50558afc09dd,tg:lhps:49426,VisualContent,1,d8e256f1-f1e6-5399-856c-9ce5157ef55f,au::7262,designers,"dlod={""id"":""ark:/83110/x0/d8e256f1-f1e6-5399-856c-9ce5157ef55f"",""text"":"""",""name"":"""",""nameWithContext"":"""",""orgID"":""digipolis"",""suggestType"":""agent"",""json"":""""}",ark:/83110/x0/d8e256f1-f1e6-5399-856c-9ce5157ef55f
f970d020-1576-50d2-9b1d-18cc38be7af2,tg:lhps:18583,VisualContent,1,25a7fd46-23d4-51be-9f56-1870fd1d2885,au::48534,designers,"dlod={""id"":""ark:/83110/x0/25a7fd46-23d4-51be-9f56-1870fd1d2885"",""text"":"""",""name"":"""",""nameWithContext"":"""",""orgID"":""digipolis"",""suggestType"":""agent"",""json"":""""}",ark:/83110/x0/25a7fd46-23d4-51be-9f56-1870fd1d2885
60f02913-2842-54e7-aac7-71ce1f5d2bf4,tg:lhps:51915,VisualContent,1,4e2d8151-4170-5b9c-bbfb-f605d50a0942,au::9372,designers,"dlod={""id"":""ark:/83110/x0/4e2d8151-4170-5b9c-bbfb-f605d50a0942"",""text"":"""",""name"":"""",""nameWithContext"":"""",""orgID"":""digipolis"",""suggestType"":""agent"",""json"":""""}",ark:/83110/x0/4e2d8151-4170-5b9c-bbfb-f605d50a0942
a2856014-096a-5b9d-bac5-4f9f6cdadb22,tg:lhps:33329,VisualContent,1,193865b4-088d-513c-b2a8-1f834de21ca2,au::61178,designers,"dlod={""id"":""ark:/83110/x0/193865b4-088d-513c-b2a8-1f834de21ca2"",""text"":"""",""name"":"""",""nameWithContext"":"""",""orgID"":""digipolis"",""suggestType"":""agent"",""json"":""""}",ark:/83110/x0/193865b4-088d-513c-b2a8-1f834de21ca2
5bfbe135-0486-5f9b-9448-c2bb38046426,tg:lhps:10449,VisualContent,1,31cf9303-e648-5a99-9356-317f0b782393,au::14475,designers,"dlod={""id"":""ark:/83110/x0/31cf9303-e648-5a99-9356-317f0b782393"",""text"":"""",""name"":"""",""nameWithContext"":"""",""orgID"":""digipolis"",""suggestType"":""agent"",""json"":""""}",ark:/83110/x0/31cf9303-e648-5a99-9356-317f0b782393
17c92b69-f5e8-54d5-8b9e-fc5fa45af527,tg:lhps:32492,VisualContent,1,95e46786-93a4-5d93-9dd6-0c05c7391262,au::59461,designers,"dlod={""id"":""ark:/83110/x0/95e46786-93a4-5d93-9dd6-0c05c7391262"",""text"":"""",""name"":"""",""nameWithContext"":"""",""orgID"":""digipolis"",""suggestType"":""agent"",""json"":""""}",ark:/83110/x0/95e46786-93a4-5d93-9dd6-0c05c7391262
0dec1ad9-30fd-584c-baea-f95f51486733,tg:lhps:35357,VisualContent,1,5fea9d81-84b3-53b2-ba44-6fa92a68a9a3,au::107002,designers,"dlod={""id"":""ark:/83110/x0/5fea9d81-84b3-53b2-ba44-6fa92a68a9a3"",""text"":"""",""name"":"""",""nameWithContext"":"""",""orgID"":""digipolis"",""suggestType"":""agent"",""json"":""""}",ark:/83110/x0/5fea9d81-84b3-53b2-ba44-6fa92a68a9a3
9cabdb93-9b15-5ab1-9c54-876f0497eb8e,tg:lhps:56679,VisualContent,1,8edb9f04-ad85-5c4a-aa2c-b4e509be84f2,au::100231,designers,,
468c32e6-015a-5de9-b009-4699aa37aa33,tg:lhps:54644,VisualContent,1,9e596587-6705-577e-8788-7eb6ea913d3e,au::9179,designers,"dlod={""id"":""ark:/83110/x0/9e596587-6705-577e-8788-7eb6ea913d3e"",""text"":"""",""name"":"""",""nameWithContext"":"""",""orgID"":""digipolis"",""suggestType"":""agent"",""json"":""""}",ark:/83110/x0/9e596587-6705-577e-8788-7eb6ea913d3e
c9630eb9-de9b-5a2f-9ba8-7b0de0211ae8,tg:lhps:51446,VisualContent,1,8b303f44-64d2-5569-98b6-805bfa5f49fe,au::108552,designers,"dlod={""id"":""ark:/83110/x0/8b303f44-64d2-5569-98b6-805bfa5f49fe"",""text"":"""",""name"":"""",""nameWithContext"":"""",""orgID"":""digipolis"",""suggestType"":""agent"",""json"":""""}",ark:/83110/x0/8b303f44-64d2-5569-98b6-805bfa5f49fe
dbc876a1-4473-50ed-a26a-67a756a0c3b3,tg:lhps:30155,VisualContent,1,ae24b3dd-26c5-5379-bcd2-6c371800e187,au::58497,designers,"dlod={""id"":""ark:/83110/x0/ae24b3dd-26c5-5379-bcd2-6c371800e187"",""text"":"""",""name"":"""",""nameWithContext"":"""",""orgID"":""digipolis"",""suggestType"":""agent"",""json"":""""}",ark:/83110/x0/ae24b3dd-26c5-5379-bcd2-6c371800e187
f26d4513-29b2-5b4e-8505-43385387f5de,tg:lhps:13635,VisualContent,1,e49533b3-5f74-527f-bd37-70f469c6450c,au::19428,designers,"dlod={""id"":""ark:/83110/x0/e49533b3-5f74-527f-bd37-70f469c6450c"",""text"":"""",""name"":"""",""nameWithContext"":"""",""orgID"":""digipolis"",""suggestType"":""agent"",""json"":""""}",ark:/83110/x0/e49533b3-5f74-527f-bd37-70f469c6450c
e5dad78e-0a87-5f6d-abee-d1c71e950369,tg:lhps:8839,VisualContent,1,99c7cd54-d9ac-515c-8c5a-33d5d0af9c57,au::47541,designers,"dlod={""id"":""ark:/83110/x0/99c7cd54-d9ac-515c-8c5a-33d5d0af9c57"",""text"":"""",""name"":"""",""nameWithContext"":"""",""orgID"":""digipolis"",""suggestType"":""agent"",""json"":""""}",ark:/83110/x0/99c7cd54-d9ac-515c-8c5a-33d5d0af9c57
3110d861-8607-5211-9be1-2e842f7b9d77,tg:lhps:8993,VisualContent,1,2f78fe5a-25db-5ae6-9950-a0ca352e7948,au::5126,designers,"dlod={""id"":""ark:/83110/x0/2f78fe5a-25db-5ae6-9950-a0ca352e7948"",""text"":"""",""name"":"""",""nameWithContext"":"""",""orgID"":""digipolis"",""suggestType"":""agent"",""json"":""""}",ark:/83110/x0/2f78fe5a-25db-5ae6-9950-a0ca352e7948
ce8a988d-945e-53e9-a6d7-c7a73f7338ca,tg:lhps:56229,VisualContent,1,6ccd0f96-2768-5b57-89e0-5419411f7662,au::107382,designers,"dlod={""id"":""ark:/83110/x0/6ccd0f96-2768-5b57-89e0-5419411f7662"",""text"":"""",""name"":"""",""nameWithContext"":"""",""orgID"":""digipolis"",""suggestType"":""agent"",""json"":""""}",ark:/83110/x0/6ccd0f96-2768-5b57-89e0-5419411f7662
56957d1e-b2f7-55a3-8e87-d17503bba99d,tg:lhps:4549,VisualContent,1,3455c7f7-5565-575d-bae4-7df7e35f62cb,au::11866,designers,"dlod={""id"":""ark:/83110/x0/3455c7f7-5565-575d-bae4-7df7e35f62cb"",""text"":"""",""name"":"""",""nameWithContext"":"""",""orgID"":""digipolis"",""suggestType"":""agent"",""json"":""""}",ark:/83110/x0/3455c7f7-5565-575d-bae4-7df7e35f62cb
401c0033-7bdf-510c-bdd9-248deb54396d,tg:lhps:32538,VisualContent,1,79440d58-ab66-5fec-9dd2-f75a1e56e5ee,au::58735,designers,"dlod={""id"":""ark:/83110/x0/79440d58-ab66-5fec-9dd2-f75a1e56e5ee"",""text"":"""",""name"":"""",""nameWithContext"":"""",""orgID"":""digipolis"",""suggestType"":""agent"",""json"":""""}",ark:/83110/x0/79440d58-ab66-5fec-9dd2-f75a1e56e5ee
3c6538da-0339-5af7-8c8b-551aca42a037,tg:lhps:3776,VisualContent,1,d25fcd6f-30aa-5953-937f-cacec384e0d8,au::4124,designers,"dlod={""id"":""ark:/83110/x0/d25fcd6f-30aa-5953-937f-cacec384e0d8"",""text"":"""",""name"":"""",""nameWithContext"":"""",""orgID"":""digipolis"",""suggestType"":""agent"",""json"":""""}",ark:/83110/x0/d25fcd6f-30aa-5953-937f-cacec384e0d8
3c6538da-0339-5af7-8c8b-551aca42a037,tg:lhps:3776,VisualContent,2,6f59a152-ef5d-51be-a230-0049dc10ade5,au::45511,designers,"dlod={""id"":""ark:/83110/x0/6f59a152-ef5d-51be-a230-0049dc10ade5"",""text"":"""",""name"":"""",""nameWithContext"":"""",""orgID"":""digipolis"",""suggestType"":""agent"",""json"":""""}",ark:/83110/x0/6f59a152-ef5d-51be-a230-0049dc10ade5
4582be58-0f85-502a-8776-b92edac07090,tg:lhps:284,VisualContent,1,011c68df-43e8-58fc-824a-c3f67ef587e2,au::44406,designers,"dlod={""id"":""ark:/83110/x0/011c68df-43e8-58fc-824a-c3f67ef587e2"",""text"":"""",""name"":"""",""nameWithContext"":"""",""orgID"":""digipolis"",""suggestType"":""agent"",""json"":""""}",ark:/83110/x0/011c68df-43e8-58fc-824a-c3f67ef587e2
745f3820-a700-5a7b-b705-95e4fcb9cd63,tg:lhps:11258,VisualContent,1,d4d31fb3-c475-57aa-b116-c98f08266d4f,au::9316,designers,"dlod={""id"":""ark:/83110/x0/d4d31fb3-c475-57aa-b116-c98f08266d4f"",""text"":"""",""name"":"""",""nameWithContext"":"""",""orgID"":""digipolis"",""suggestType"":""agent"",""json"":""""}",ark:/83110/x0/d4d31fb3-c475-57aa-b116-c98f08266d4f
b6431511-b631-5760-8dcd-574e47a0e735,tg:lhps:30010,VisualContent,1,147c79d5-fe1b-56b8-a913-26da7bfe5921,au::58671,designers,"dlod={""id"":""ark:/83110/x0/147c79d5-fe1b-56b8-a913-26da7bfe5921"",""text"":"""",""name"":"""",""nameWithContext"":"""",""orgID"":""digipolis"",""suggestType"":""agent"",""json"":""""}",ark:/83110/x0/147c79d5-fe1b-56b8-a913-26da7bfe5921
52badae4-8e2f-5d3f-a509-6f6b91cf9b98,tg:lhps:45110,VisualContent,1,92e99442-f379-5ffa-bc91-b4e198385933,au::1916,designers,"dlod={""id"":""ark:/83110/x0/92e99442-f379-5ffa-bc91-b4e198385933"",""text"":"""",""name"":"""",""nameWithContext"":"""",""orgID"":""digipolis"",""suggestType"":""agent"",""json"":""""}",ark:/83110/x0/92e99442-f379-5ffa-bc91-b4e198385933
edcd1e64-b06f-5198-8d3e-273e136ed779,tg:lhps:12862,VisualContent,1,cee67405-23d7-5912-bbf7-935c13eaa6c4,au::56787,designers,"dlod={""id"":""ark:/83110/x0/cee67405-23d7-5912-bbf7-935c13eaa6c4"",""text"":"""",""name"":"""",""nameWithContext"":"""",""orgID"":""digipolis"",""suggestType"":""agent"",""json"":""""}",ark:/83110/x0/cee67405-23d7-5912-bbf7-935c13eaa6c4
7e5b44a8-2f0c-5331-a646-e6f2680120b0,tg:lhps:9394,VisualContent,1,3455c7f7-5565-575d-bae4-7df7e35f62cb,au::11866,designers,"dlod={""id"":""ark:/83110/x0/3455c7f7-5565-575d-bae4-7df7e35f62cb"",""text"":"""",""name"":"""",""nameWithContext"":"""",""orgID"":""digipolis"",""suggestType"":""agent"",""json"":""""}",ark:/83110/x0/3455c7f7-5565-575d-bae4-7df7e35f62cb
9dc34530-a328-5f65-92c8-4c445d02d107,tg:lhps:35212,VisualContent,1,5fea9d81-84b3-53b2-ba44-6fa92a68a9a3,au::107002,designers,"dlod={""id"":""ark:/83110/x0/5fea9d81-84b3-53b2-ba44-6fa92a68a9a3"",""text"":"""",""name"":"""",""nameWithContext"":"""",""orgID"":""digipolis"",""suggestType"":""agent"",""json"":""""}",ark:/83110/x0/5fea9d81-84b3-53b2-ba44-6fa92a68a9a3
9dc34530-a328-5f65-92c8-4c445d02d107,tg:lhps:35212,VisualContent,2,cb164c94-49ba-53e3-baa8-a002053b3554,au::107003,photographers,"dlod={""id"":""ark:/83110/x0/cb164c94-49ba-53e3-baa8-a002053b3554"",""text"":"""",""name"":"""",""nameWithContext"":"""",""orgID"":""digipolis"",""suggestType"":""agent"",""json"":""""}",ark:/83110/x0/cb164c94-49ba-53e3-baa8-a002053b3554
d573674d-c6a9-5775-b179-ee124cb3b1e8,tg:lhps:3799,VisualContent,1,b9735117-aae0-58c0-a847-bf87f23396c0,au::9126,designers,"dlod={""id"":""ark:/83110/x0/b9735117-aae0-58c0-a847-bf87f23396c0"",""text"":"""",""name"":"""",""nameWithContext"":"""",""orgID"":""digipolis"",""suggestType"":""agent"",""json"":""""}",ark:/83110/x0/b9735117-aae0-58c0-a847-bf87f23396c0
01c3a881-f9fb-53f2-98ed-98e2d2cad3a0,tg:lhps:57984,VisualContent,1,b567f42d-84ef-55cf-b175-e36e38ce96a2,au::58703,designers,"dlod={""id"":""ark:/83110/x0/b567f42d-84ef-55cf-b175-e36e38ce96a2"",""text"":"""",""name"":"""",""nameWithContext"":"""",""orgID"":""digipolis"",""suggestType"":""agent"",""json"":""""}",ark:/83110/x0/b567f42d-84ef-55cf-b175-e36e38ce96a2
8fdbbcfa-8dec-5449-991f-344f67c60a16,tg:lhps:3633,VisualContent,1,c982564b-c6a1-5ea1-88cc-6ea99378c068,au::406,designers,"dlod={""id"":""ark:/83110/x0/c982564b-c6a1-5ea1-88cc-6ea99378c068"",""text"":"""",""name"":"""",""nameWithContext"":"""",""orgID"":""digipolis"",""suggestType"":""agent"",""json"":""""}",ark:/83110/x0/c982564b-c6a1-5ea1-88cc-6ea99378c068
50644464-1d72-513e-b58b-800dc06a9d4c,tg:lhps:2921,VisualContent,1,97f5e855-9134-526a-91d3-71b8088d5c68,au::16765,designers,"dlod={""id"":""ark:/83110/x0/97f5e855-9134-526a-91d3-71b8088d5c68"",""text"":"""",""name"":"""",""nameWithContext"":"""",""orgID"":""digipolis"",""suggestType"":""agent"",""json"":""""}",ark:/83110/x0/97f5e855-9134-526a-91d3-71b8088d5c68
0b9552ef-9003-52b4-8ae7-ddfc2de5dea2,tg:lhps:56696,VisualContent,1,27c7d733-8ebf-519a-a90a-4727eaa73a84,au::16810,photographers,"dlod={""id"":""ark:/83110/x0/27c7d733-8ebf-519a-a90a-4727eaa73a84"",""text"":"""",""name"":"""",""nameWithContext"":"""",""orgID"":""digipolis"",""suggestType"":""agent"",""json"":""""}",ark:/83110/x0/27c7d733-8ebf-519a-a90a-4727eaa73a84
39e3a72d-79df-5291-83a0-35052c5dbce6,tg:lhps:13320,VisualContent,1,97412b91-590b-5b67-8815-2ddc7e85efc4,au::46281,designers,"dlod={""id"":""ark:/83110/x0/97412b91-590b-5b67-8815-2ddc7e85efc4"",""text"":"""",""name"":"""",""nameWithContext"":"""",""orgID"":""digipolis"",""suggestType"":""agent"",""json"":""""}",ark:/83110/x0/97412b91-590b-5b67-8815-2ddc7e85efc4
6869adf9-e070-5a65-ac54-44383196086f,tg:lhps:29661,VisualContent,1,0a8ab6ca-8d24-5dd6-8ae9-c194336581ff,au::45172,designers,"dlod={""id"":""ark:/83110/x0/0a8ab6ca-8d24-5dd6-8ae9-c194336581ff"",""text"":"""",""name"":"""",""nameWithContext"":"""",""orgID"":""digipolis"",""suggestType"":""agent"",""json"":""""}",ark:/83110/x0/0a8ab6ca-8d24-5dd6-8ae9-c194336581ff
d2acbee5-7b96-576c-953d-1f9b2d3f50fd,tg:lhps:34950,VisualContent,1,033ae687-a0be-5b70-83d9-54891b9e0090,au::59417,designers,"dlod={""id"":""ark:/83110/x0/033ae687-a0be-5b70-83d9-54891b9e0090"",""text"":"""",""name"":"""",""nameWithContext"":"""",""orgID"":""digipolis"",""suggestType"":""agent"",""json"":""""}",ark:/83110/x0/033ae687-a0be-5b70-83d9-54891b9e0090
7e5168e8-6d65-59e4-b4d3-950ed95736a3,tg:lhps:53494,VisualContent,1,b76f3fb9-5751-53d6-ac2d-9ff85970f67c,au::6698,designers,"dlod={""id"":""ark:/83110/x0/b76f3fb9-5751-53d6-ac2d-9ff85970f67c"",""text"":"""",""name"":"""",""nameWithContext"":"""",""orgID"":""digipolis"",""suggestType"":""agent"",""json"":""""}",ark:/83110/x0/b76f3fb9-5751-53d6-ac2d-9ff85970f67c
3ed76a63-9146-506b-bf65-a01cbb93f45a,tg:lhps:32187,VisualContent,1,c429a904-06d3-581f-a83d-988c706cacd5,au::58747,designers,"dlod={""id"":""ark:/83110/x0/c429a904-06d3-581f-a83d-988c706cacd5"",""text"":"""",""name"":"""",""nameWithContext"":"""",""orgID"":""digipolis"",""suggestType"":""agent"",""json"":""""}",ark:/83110/x0/c429a904-06d3-581f-a83d-988c706cacd5
a3328d93-a57f-5225-9a2d-e189b5bd87e8,tg:lhps:17363,VisualContent,1,42fbbe5e-5abe-51f2-a11a-e0661a10ceba,au::58070,designers,"dlod={""id"":""ark:/83110/x0/42fbbe5e-5abe-51f2-a11a-e0661a10ceba"",""text"":"""",""name"":"""",""nameWithContext"":"""",""orgID"":""digipolis"",""suggestType"":""agent"",""json"":""""}",ark:/83110/x0/42fbbe5e-5abe-51f2-a11a-e0661a10ceba
a3328d93-a57f-5225-9a2d-e189b5bd87e8,tg:lhps:17363,VisualContent,2,c9e70d4e-346e-58f7-b8d1-7c53438dfe84,au::58071,designers,"dlod={""id"":""ark:/83110/x0/c9e70d4e-346e-58f7-b8d1-7c53438dfe84"",""text"":"""",""name"":"""",""nameWithContext"":"""",""orgID"":""digipolis"",""suggestType"":""agent"",""json"":""""}",ark:/83110/x0/c9e70d4e-346e-58f7-b8d1-7c53438dfe84
bc11df13-729c-59ee-bc82-302c86946205,tg:lhps:8585,VisualContent,1,5e2afab8-404e-5849-9e83-a43bb22c6ee2,au::14181,designers,"dlod={""id"":""ark:/83110/x0/5e2afab8-404e-5849-9e83-a43bb22c6ee2"",""text"":"""",""name"":"""",""nameWithContext"":"""",""orgID"":""digipolis"",""suggestType"":""agent"",""json"":""""}",ark:/83110/x0/5e2afab8-404e-5849-9e83-a43bb22c6ee2
d1e9f5c5-0d59-5b79-8c04-2b134ba15608,tg:lhps:34403,VisualContent,1,c3f1fb07-cd47-5f99-a18d-e51f86c5f01e,au::78,designers,"dlod={""id"":""ark:/83110/x0/c3f1fb07-cd47-5f99-a18d-e51f86c5f01e"",""text"":"""",""name"":"""",""nameWithContext"":"""",""orgID"":""digipolis"",""suggestType"":""agent"",""json"":""""}",ark:/83110/x0/c3f1fb07-cd47-5f99-a18d-e51f86c5f01e
c3d321a8-1c8c-5778-84f4-e3bf0959091d,tg:lhps:55110,VisualContent,1,3f633152-8199-50e7-98f3-13ab9ec08d70,au::51217,designers,"dlod={""id"":""ark:/83110/x0/3f633152-8199-50e7-98f3-13ab9ec08d70"",""text"":"""",""name"":"""",""nameWithContext"":"""",""orgID"":""digipolis"",""suggestType"":""agent"",""json"":""""}",ark:/83110/x0/3f633152-8199-50e7-98f3-13ab9ec08d70
0fae4f74-765b-5ba3-b064-edaeaef27298,tg:lhps:49099,VisualContent,1,0d6652da-6bd5-516d-83b7-22901bc8e44a,au::51581,designers,"dlod={""id"":""ark:/83110/x0/0d6652da-6bd5-516d-83b7-22901bc8e44a"",""text"":"""",""name"":"""",""nameWithContext"":"""",""orgID"":""digipolis"",""suggestType"":""agent"",""json"":""""}",ark:/83110/x0/0d6652da-6bd5-516d-83b7-22901bc8e44a
a6655c24-9404-5bd1-869c-fcda3859a7c5,tg:lhps:57087,VisualContent,1,b1fe4ebf-fdb2-5273-b964-a54e6a12a55c,au::107178,designers,"dlod={""id"":""ark:/83110/x0/b1fe4ebf-fdb2-5273-b964-a54e6a12a55c"",""text"":"""",""name"":"""",""nameWithContext"":"""",""orgID"":""digipolis"",""suggestType"":""agent"",""json"":""""}",ark:/83110/x0/b1fe4ebf-fdb2-5273-b964-a54e6a12a55c
fffb0a90-6d10-536c-bb60-e2382d835567,tg:lhps:58372,VisualContent,1,5c127b21-0503-5032-9676-642d553c6e18,au::19765,designers,"dlod={""id"":""ark:/83110/x0/5c127b21-0503-5032-9676-642d553c6e18"",""text"":"""",""name"":"""",""nameWithContext"":"""",""orgID"":""digipolis"",""suggestType"":""agent"",""json"":""""}",ark:/83110/x0/5c127b21-0503-5032-9676-642d553c6e18
f4fa59ab-6253-52a5-bba7-5c9839a0ab2c,tg:lhps:46696,VisualContent,1,ef85f4e2-ae46-5a08-8d13-c9579562c27b,au::107529,designers,"dlod={""id"":""ark:/83110/x0/ef85f4e2-ae46-5a08-8d13-c9579562c27b"",""text"":"""",""name"":"""",""nameWithContext"":"""",""orgID"":""digipolis"",""suggestType"":""agent"",""json"":""""}",ark:/83110/x0/ef85f4e2-ae46-5a08-8d13-c9579562c27b
fc6ee987-0fe7-55c4-a53d-085d15c60f7b,tg:lhps:32884,VisualContent,1,dc6e1ab0-d207-5521-a5c9-acc27c28821c,au::61100,designers,"dlod={""id"":""ark:/83110/x0/dc6e1ab0-d207-5521-a5c9-acc27c28821c"",""text"":"""",""name"":"""",""nameWithContext"":"""",""orgID"":""digipolis"",""suggestType"":""agent"",""json"":""""}",ark:/83110/x0/dc6e1ab0-d207-5521-a5c9-acc27c28821c
764c6ebe-ceb5-5929-824f-ce24daa851fe,tg:lhps:33796,VisualContent,1,d68567fb-7a79-54e2-80cc-1ae21c23a47c,au::2764,designers,"dlod={""id"":""ark:/83110/x0/d68567fb-7a79-54e2-80cc-1ae21c23a47c"",""text"":"""",""name"":"""",""nameWithContext"":"""",""orgID"":""digipolis"",""suggestType"":""agent"",""json"":""""}",ark:/83110/x0/d68567fb-7a79-54e2-80cc-1ae21c23a47c
b7f5898c-0ba3-5683-90c8-371ebcdcddb8,tg:lhps:62633,VisualContent,1,f965cf29-3e01-54ea-991c-a7e9dddd2409,au::106965,designers,"dlod={""id"":""ark:/83110/x0/f965cf29-3e01-54ea-991c-a7e9dddd2409"",""text"":"""",""name"":"""",""nameWithContext"":"""",""orgID"":""digipolis"",""suggestType"":""agent"",""json"":""""}",ark:/83110/x0/f965cf29-3e01-54ea-991c-a7e9dddd2409
214e399c-e8c1-5116-bf65-07e80a1625fe,tg:lhps:11034,VisualContent,1,5c127b21-0503-5032-9676-642d553c6e18,au::19765,designers,"dlod={""id"":""ark:/83110/x0/5c127b21-0503-5032-9676-642d553c6e18"",""text"":"""",""name"":"""",""nameWithContext"":"""",""orgID"":""digipolis"",""suggestType"":""agent"",""json"":""""}",ark:/83110/x0/5c127b21-0503-5032-9676-642d553c6e18
f0cffbb3-7558-5318-92a2-1aec82558cf3,tg:lhps:45669,VisualContent,1,266ea61b-5053-59f5-b9a6-cfc47b8d21bf,au::107144,designers,"dlod={""id"":""ark:/83110/x0/266ea61b-5053-59f5-b9a6-cfc47b8d21bf"",""text"":"""",""name"":"""",""nameWithContext"":"""",""orgID"":""digipolis"",""suggestType"":""agent"",""json"":""""}",ark:/83110/x0/266ea61b-5053-59f5-b9a6-cfc47b8d21bf
b86ab793-4d9c-52c0-94f0-88043d5f95a9,tg:lhps:30769,VisualContent,1,89b956c9-fb96-5007-950c-63643d44e26b,au::45609,designers,"dlod={""id"":""ark:/83110/x0/89b956c9-fb96-5007-950c-63643d44e26b"",""text"":"""",""name"":"""",""nameWithContext"":"""",""orgID"":""digipolis"",""suggestType"":""agent"",""json"":""""}",ark:/83110/x0/89b956c9-fb96-5007-950c-63643d44e26b
612c370b-b6c4-5bcd-86a2-7a0352f1a8dc,tg:lhps:32754,VisualContent,1,73db40f4-2a54-5de7-b268-2ea8af115dc3,au::58770,designers,"dlod={""id"":""ark:/83110/x0/73db40f4-2a54-5de7-b268-2ea8af115dc3"",""text"":"""",""name"":"""",""nameWithContext"":"""",""orgID"":""digipolis"",""suggestType"":""agent"",""json"":""""}",ark:/83110/x0/73db40f4-2a54-5de7-b268-2ea8af115dc3
ab6a7a17-b202-5319-9e8e-26f79bdb7076,tg:lhps:33846,VisualContent,1,c4e8a2fe-f3a2-5376-9584-882826d378da,au::14172,designers,"dlod={""id"":""ark:/83110/x0/c4e8a2fe-f3a2-5376-9584-882826d378da"",""text"":"""",""name"":"""",""nameWithContext"":"""",""orgID"":""digipolis"",""suggestType"":""agent"",""json"":""""}",ark:/83110/x0/c4e8a2fe-f3a2-5376-9584-882826d378da
fe7e9215-7c22-5589-a203-7bdab00f51cb,tg:lhps:56045,VisualContent,1,bc70b239-3215-5d8b-87c3-e90048839da0,au::100767,designers,,
fe7e9215-7c22-5589-a203-7bdab00f51cb,tg:lhps:56045,VisualContent,2,7e7d344c-13a0-52f4-ae3f-416eca761475,au::46289,designers,"dlod={""id"":""ark:/83110/x0/7e7d344c-13a0-52f4-ae3f-416eca761475"",""text"":"""",""name"":"""",""nameWithContext"":"""",""orgID"":""digipolis"",""suggestType"":""agent"",""json"":""""}",ark:/83110/x0/7e7d344c-13a0-52f4-ae3f-416eca761475
8c10a5e9-5091-5c6c-ad1a-27a594fb0229,tg:lhps:4725,VisualContent,1,d4d31fb3-c475-57aa-b116-c98f08266d4f,au::9316,designers,"dlod={""id"":""ark:/83110/x0/d4d31fb3-c475-57aa-b116-c98f08266d4f"",""text"":"""",""name"":"""",""nameWithContext"":"""",""orgID"":""digipolis"",""suggestType"":""agent"",""json"":""""}",ark:/83110/x0/d4d31fb3-c475-57aa-b116-c98f08266d4f
c80a87b6-9889-5391-be93-ab14c2d2ddf6,tg:lhps:50892,VisualContent,1,42d4a318-201d-5c6f-86ad-0038a27a27bf,au::108884,designers,"dlod={""id"":""ark:/83110/x0/42d4a318-201d-5c6f-86ad-0038a27a27bf"",""text"":"""",""name"":"""",""nameWithContext"":"""",""orgID"":""digipolis"",""suggestType"":""agent"",""json"":""""}",ark:/83110/x0/42d4a318-201d-5c6f-86ad-0038a27a27bf
4b4a71d4-0822-5dfb-bd51-00d4cdfc89f8,tg:lhps:6718,VisualContent,1,fa32db20-5a76-51f4-849d-f33d9115a4a2,au::16793,designers,"dlod={""id"":""ark:/83110/x0/fa32db20-5a76-51f4-849d-f33d9115a4a2"",""text"":"""",""name"":"""",""nameWithContext"":"""",""orgID"":""digipolis"",""suggestType"":""agent"",""json"":""""}",ark:/83110/x0/fa32db20-5a76-51f4-849d-f33d9115a4a2
6e2a7cb6-8412-5a17-bc31-f4506fad0c29,tg:lhps:14236,VisualContent,1,d393b6b6-4596-540a-8f00-37a4a6236412,au::48703,designers,"dlod={""id"":""ark:/83110/x0/d393b6b6-4596-540a-8f00-37a4a6236412"",""text"":"""",""name"":"""",""nameWithContext"":"""",""orgID"":""digipolis"",""suggestType"":""agent"",""json"":""""}",ark:/83110/x0/d393b6b6-4596-540a-8f00-37a4a6236412
69a139b4-6e6a-5d53-a1e3-db658fb72235,tg:lhps:47204,VisualContent,1,f965cf29-3e01-54ea-991c-a7e9dddd2409,au::106965,designers,"dlod={""id"":""ark:/83110/x0/f965cf29-3e01-54ea-991c-a7e9dddd2409"",""text"":"""",""name"":"""",""nameWithContext"":"""",""orgID"":""digipolis"",""suggestType"":""agent"",""json"":""""}",ark:/83110/x0/f965cf29-3e01-54ea-991c-a7e9dddd2409
684f5015-a0f8-5206-b910-a01441bc96ea,tg:lhps:9547,VisualContent,1,3455c7f7-5565-575d-bae4-7df7e35f62cb,au::11866,designers,"dlod={""id"":""ark:/83110/x0/3455c7f7-5565-575d-bae4-7df7e35f62cb"",""text"":"""",""name"":"""",""nameWithContext"":"""",""orgID"":""digipolis"",""suggestType"":""agent"",""json"":""""}",ark:/83110/x0/3455c7f7-5565-575d-bae4-7df7e35f62cb
9ef3744b-2f25-5c59-bfea-169546a74cc0,tg:lhps:52905,VisualContent,1,0d723b97-1bfb-5bc9-91b3-df574b51124e,au::4408,designers,"dlod={""id"":""ark:/83110/x0/0d723b97-1bfb-5bc9-91b3-df574b51124e"",""text"":"""",""name"":"""",""nameWithContext"":"""",""orgID"":""digipolis"",""suggestType"":""agent"",""json"":""""}",ark:/83110/x0/0d723b97-1bfb-5bc9-91b3-df574b51124e
d24d30a1-5cd6-538d-8a94-91b0a13b2eb8,tg:lhps:32304,VisualContent,1,e2afd53a-8af4-5fb0-acbe-f1f59de74328,au::59656,designers,"dlod={""id"":""ark:/83110/x0/e2afd53a-8af4-5fb0-acbe-f1f59de74328"",""text"":"""",""name"":"""",""nameWithContext"":"""",""orgID"":""digipolis"",""suggestType"":""agent"",""json"":""""}",ark:/83110/x0/e2afd53a-8af4-5fb0-acbe-f1f59de74328
736bce50-e6b8-5dc6-9773-4765159565b1,tg:lhps:19054,VisualContent,1,f1e49135-9990-5fdd-8f76-c4f5ca7283de,au::46462,designers,"dlod={""id"":""ark:/83110/x0/f1e49135-9990-5fdd-8f76-c4f5ca7283de"",""text"":"""",""name"":"""",""nameWithContext"":"""",""orgID"":""digipolis"",""suggestType"":""agent"",""json"":""""}",ark:/83110/x0/f1e49135-9990-5fdd-8f76-c4f5ca7283de
5a25579d-dd45-51ac-a5a9-d36c4b7e3aeb,tg:lhps:62849,VisualContent,1,f965cf29-3e01-54ea-991c-a7e9dddd2409,au::106965,designers,"dlod={""id"":""ark:/83110/x0/f965cf29-3e01-54ea-991c-a7e9dddd2409"",""text"":"""",""name"":"""",""nameWithContext"":"""",""orgID"":""digipolis"",""suggestType"":""agent"",""json"":""""}",ark:/83110/x0/f965cf29-3e01-54ea-991c-a7e9dddd2409
e85aa242-4ba5-5483-a220-477847b2e9a3,tg:lhps:17949,VisualContent,1,a408dd3a-a166-5670-ba75-61ff5124d9e0,au::15824,designers,"dlod={""id"":""ark:/83110/x0/a408dd3a-a166-5670-ba75-61ff5124d9e0"",""text"":"""",""name"":"""",""nameWithContext"":"""",""orgID"":""digipolis"",""suggestType"":""agent"",""json"":""""}",ark:/83110/x0/a408dd3a-a166-5670-ba75-61ff5124d9e0
26e2bfb9-a377-5fde-803b-f6796dfda662,tg:lhps:142,VisualContent,1,7ca76b0d-bd34-535c-aa0c-39b5f74198d6,au::14979,designers,"dlod={""id"":""ark:/83110/x0/7ca76b0d-bd34-535c-aa0c-39b5f74198d6"",""text"":"""",""name"":"""",""nameWithContext"":"""",""orgID"":""digipolis"",""suggestType"":""agent"",""json"":""""}",ark:/83110/x0/7ca76b0d-bd34-535c-aa0c-39b5f74198d6
e3a8cefe-2533-5df9-82d8-8dfe3c37e29d,tg:lhps:9814,VisualContent,1,46d3761d-391c-59b3-bcf3-b3277738a144,au::47025,designers,"dlod={""id"":""ark:/83110/x0/46d3761d-391c-59b3-bcf3-b3277738a144"",""text"":"""",""name"":"""",""nameWithContext"":"""",""orgID"":""digipolis"",""suggestType"":""agent"",""json"":""""}",ark:/83110/x0/46d3761d-391c-59b3-bcf3-b3277738a144
55f69580-0a68-5417-b8fe-6c27ca2c4e3c,tg:lhps:27556,VisualContent,1,53f77f06-8dcf-5a72-856a-957448bbcf25,au::58428,designers,"dlod={""id"":""ark:/83110/x0/53f77f06-8dcf-5a72-856a-957448bbcf25"",""text"":"""",""name"":"""",""nameWithContext"":"""",""orgID"":""digipolis"",""suggestType"":""agent"",""json"":""""}",ark:/83110/x0/53f77f06-8dcf-5a72-856a-957448bbcf25
32167abc-4381-5a6c-a5e6-55c247ec0d6e,tg:lhps:12618,VisualContent,1,c3cdd5db-ae4f-59f1-aaa3-c7774db28201,au::51805,designers,"dlod={""id"":""ark:/83110/x0/c3cdd5db-ae4f-59f1-aaa3-c7774db28201"",""text"":"""",""name"":"""",""nameWithContext"":"""",""orgID"":""digipolis"",""suggestType"":""agent"",""json"":""""}",ark:/83110/x0/c3cdd5db-ae4f-59f1-aaa3-c7774db28201
8e3002ed-b728-5f7f-8595-332b43949867,tg:lhps:10625,VisualContent,1,7cecf618-09b5-59ac-b51a-0415fe8a05a3,au::48533,designers,"dlod={""id"":""ark:/83110/x0/7cecf618-09b5-59ac-b51a-0415fe8a05a3"",""text"":"""",""name"":"""",""nameWithContext"":"""",""orgID"":""digipolis"",""suggestType"":""agent"",""json"":""""}",ark:/83110/x0/7cecf618-09b5-59ac-b51a-0415fe8a05a3
24d3daa5-fe8e-52de-ba0d-5e3589057035,tg:lhps:46045,VisualContent,1,f649594e-1bd6-5e47-8f7b-69da40be3cd3,au::107384,designers,"dlod={""id"":""ark:/83110/x0/f649594e-1bd6-5e47-8f7b-69da40be3cd3"",""text"":"""",""name"":"""",""nameWithContext"":"""",""orgID"":""digipolis"",""suggestType"":""agent"",""json"":""""}",ark:/83110/x0/f649594e-1bd6-5e47-8f7b-69da40be3cd3
aff0f426-e8e5-5c61-ae5c-de08618a67e5,tg:lhps:33145,VisualContent,1,9b462520-ffab-536f-8654-a878512902b1,au::59381,designers,"dlod={""id"":""ark:/83110/x0/9b462520-ffab-536f-8654-a878512902b1"",""text"":"""",""name"":"""",""nameWithContext"":"""",""orgID"":""digipolis"",""suggestType"":""agent"",""json"":""""}",ark:/83110/x0/9b462520-ffab-536f-8654-a878512902b1
0c7c2391-cb2c-5f35-9d1c-1a5fbefa18b9,tg:lhps:18215,VisualContent,1,6270fd9e-b154-5063-be10-ce6c462de6d4,au::6865,designers,"dlod={""id"":""ark:/83110/x0/6270fd9e-b154-5063-be10-ce6c462de6d4"",""text"":"""",""name"":"""",""nameWithContext"":"""",""orgID"":""digipolis"",""suggestType"":""agent"",""json"":""""}",ark:/83110/x0/6270fd9e-b154-5063-be10-ce6c462de6d4
70bc1914-7a72-5d49-9636-74a8ba09060f,tg:lhps:50191,VisualContent,1,f8013999-72f1-5ea9-99cc-2378345a0fbe,au::107332,designers,"dlod={""id"":""ark:/83110/x0/f8013999-72f1-5ea9-99cc-2378345a0fbe"",""text"":"""",""name"":"""",""nameWithContext"":"""",""orgID"":""digipolis"",""suggestType"":""agent"",""json"":""""}",ark:/83110/x0/f8013999-72f1-5ea9-99cc-2378345a0fbe
70bc1914-7a72-5d49-9636-74a8ba09060f,tg:lhps:50191,VisualContent,2,f620cdff-7e75-5fef-be9b-439511a85526,au::56757,designers,"dlod={""id"":""ark:/83110/x0/f620cdff-7e75-5fef-be9b-439511a85526"",""text"":"""",""name"":"""",""nameWithContext"":"""",""orgID"":""digipolis"",""suggestType"":""agent"",""json"":""""}",ark:/83110/x0/f620cdff-7e75-5fef-be9b-439511a85526
464cf418-f402-5e39-abb0-8e1be9cc3493,tg:lhps:56946,VisualContent,1,0eb07cfd-77e6-5a03-b90e-b634b4ac2d26,au::2216,designers,"dlod={""id"":""ark:/83110/x0/0eb07cfd-77e6-5a03-b90e-b634b4ac2d26"",""text"":"""",""name"":"""",""nameWithContext"":"""",""orgID"":""digipolis"",""suggestType"":""agent"",""json"":""""}",ark:/83110/x0/0eb07cfd-77e6-5a03-b90e-b634b4ac2d26
e0a6f6e7-6f14-5ce5-8ea4-540f67b49c51,tg:lhps:23846,VisualContent,1,a2caf949-d221-5328-849d-3c80064a2161,au::45892,designers,"dlod={""id"":""ark:/83110/x0/a2caf949-d221-5328-849d-3c80064a2161"",""text"":"""",""name"":"""",""nameWithContext"":"""",""orgID"":""digipolis"",""suggestType"":""agent"",""json"":""""}",ark:/83110/x0/a2caf949-d221-5328-849d-3c80064a2161
dcc672ad-b0ca-545a-bc91-dc8fd983a0d0,tg:lhps:8356,VisualContent,1,9ada419a-df68-5b6f-9c80-a41be924b41e,au::12214,designers,"dlod={""id"":""ark:/83110/x0/9ada419a-df68-5b6f-9c80-a41be924b41e"",""text"":"""",""name"":"""",""nameWithContext"":"""",""orgID"":""digipolis"",""suggestType"":""agent"",""json"":""""}",ark:/83110/x0/9ada419a-df68-5b6f-9c80-a41be924b41e
a1e189d9-e351-5c00-a2df-9a17e3200dbe,tg:lhps:46415,VisualContent,1,f11ddcf0-898a-5b83-8b44-2d829f5f5aa7,au::48508,designers,"dlod={""id"":""ark:/83110/x0/f11ddcf0-898a-5b83-8b44-2d829f5f5aa7"",""text"":"""",""name"":"""",""nameWithContext"":"""",""orgID"":""digipolis"",""suggestType"":""agent"",""json"":""""}",ark:/83110/x0/f11ddcf0-898a-5b83-8b44-2d829f5f5aa7
de718de4-fd16-5623-b608-e4dd4ddb2af5,tg:lhps:3849,VisualContent,1,3455c7f7-5565-575d-bae4-7df7e35f62cb,au::11866,designers,"dlod={""id"":""ark:/83110/x0/3455c7f7-5565-575d-bae4-7df7e35f62cb"",""text"":"""",""name"":"""",""nameWithContext"":"""",""orgID"":""digipolis"",""suggestType"":""agent"",""json"":""""}",ark:/83110/x0/3455c7f7-5565-575d-bae4-7df7e35f62cb
379305c1-b4d8-590b-b812-033e4fa0fdff,tg:lhps:33515,VisualContent,1,38ac3364-7378-5293-9a59-ae7629047d0c,au::58768,designers,"dlod={""id"":""ark:/83110/x0/38ac3364-7378-5293-9a59-ae7629047d0c"",""text"":"""",""name"":"""",""nameWithContext"":"""",""orgID"":""digipolis"",""suggestType"":""agent"",""json"":""""}",ark:/83110/x0/38ac3364-7378-5293-9a59-ae7629047d0c
0548f667-2c22-547b-8019-b27d9bfe3207,tg:lhps:36717,VisualContent,1,06ff5c1e-d42b-5ecf-966a-310a9e65c344,au::59027,designers,"dlod={""id"":""ark:/83110/x0/06ff5c1e-d42b-5ecf-966a-310a9e65c344"",""text"":"""",""name"":"""",""nameWithContext"":"""",""orgID"":""digipolis"",""suggestType"":""agent"",""json"":""""}",ark:/83110/x0/06ff5c1e-d42b-5ecf-966a-310a9e65c344
35add78b-9dd5-536e-ada0-5d8461e1523e,tg:lhps:7559,VisualContent,1,181c8bad-d096-5f9a-a94d-3be7dc109669,au::46419,designers,"dlod={""id"":""ark:/83110/x0/181c8bad-d096-5f9a-a94d-3be7dc109669"",""text"":"""",""name"":"""",""nameWithContext"":"""",""orgID"":""digipolis"",""suggestType"":""agent"",""json"":""""}",ark:/83110/x0/181c8bad-d096-5f9a-a94d-3be7dc109669
9a982951-c926-5076-85e9-1c7ef67fa623,tg:lhps:43302,VisualContent,1,4563f6a1-2806-5967-94f9-11fdcd7b6a2b,au::56764,designers,"dlod={""id"":""ark:/83110/x0/4563f6a1-2806-5967-94f9-11fdcd7b6a2b"",""text"":"""",""name"":"""",""nameWithContext"":"""",""orgID"":""digipolis"",""suggestType"":""agent"",""json"":""""}",ark:/83110/x0/4563f6a1-2806-5967-94f9-11fdcd7b6a2b
821fced5-24b2-557e-89f4-f5c274a9ff4f,tg:lhps:27413,VisualContent,1,e94076c1-7293-5689-8858-345ed5e30b66,au::58410,designers,"dlod={""id"":""ark:/83110/x0/e94076c1-7293-5689-8858-345ed5e30b66"",""text"":"""",""name"":"""",""nameWithContext"":"""",""orgID"":""digipolis"",""suggestType"":""agent"",""json"":""""}",ark:/83110/x0/e94076c1-7293-5689-8858-345ed5e30b66
7484f655-6db1-56b6-b62b-e9a277a3d169,tg:lhps:11872,VisualContent,1,9b0d14e6-80a8-52c7-9ed3-a4bb2a39bdb1,au::19214,designers,"dlod={""id"":""ark:/83110/x0/9b0d14e6-80a8-52c7-9ed3-a4bb2a39bdb1"",""text"":"""",""name"":"""",""nameWithContext"":"""",""orgID"":""digipolis"",""suggestType"":""agent"",""json"":""""}",ark:/83110/x0/9b0d14e6-80a8-52c7-9ed3-a4bb2a39bdb1
665396e4-acbb-5e57-8da7-1d814fe68f89,tg:lhps:46100,VisualContent,1,a4d1bee6-06c5-5dde-8e88-86971da23bfe,au::58707,designers,"dlod={""id"":""ark:/83110/x0/a4d1bee6-06c5-5dde-8e88-86971da23bfe"",""text"":"""",""name"":"""",""nameWithContext"":"""",""orgID"":""digipolis"",""suggestType"":""agent"",""json"":""""}",ark:/83110/x0/a4d1bee6-06c5-5dde-8e88-86971da23bfe
1b033100-3940-53dd-9f72-8be3435b77fd,tg:lhps:33000,VisualContent,1,7b909852-fdfd-5af6-9cc9-27e72250bb9a,au::15469,designers,"dlod={""id"":""ark:/83110/x0/7b909852-fdfd-5af6-9cc9-27e72250bb9a"",""text"":"""",""name"":"""",""nameWithContext"":"""",""orgID"":""digipolis"",""suggestType"":""agent"",""json"":""""}",ark:/83110/x0/7b909852-fdfd-5af6-9cc9-27e72250bb9a
03e1c8e1-0190-5f36-9c1f-003e819ff6b4,tg:lhps:52513,VisualContent,1,f6d327a4-0c11-5c95-ad85-5f7b68987358,au::109253,designers,"dlod={""id"":""ark:/83110/x0/f6d327a4-0c11-5c95-ad85-5f7b68987358"",""text"":"""",""name"":"""",""nameWithContext"":"""",""orgID"":""digipolis"",""suggestType"":""agent"",""json"":""""}",ark:/83110/x0/f6d327a4-0c11-5c95-ad85-5f7b68987358
6cb698a2-3eff-5dc4-8d0b-5acc999cddaa,tg:lhps:57341,VisualContent,1,25ffa5d8-11fc-573e-a11c-6a8b31a64510,au::48449,designers,"dlod={""id"":""ark:/83110/x0/25ffa5d8-11fc-573e-a11c-6a8b31a64510"",""text"":"""",""name"":"""",""nameWithContext"":"""",""orgID"":""digipolis"",""suggestType"":""agent"",""json"":""""}",ark:/83110/x0/25ffa5d8-11fc-573e-a11c-6a8b31a64510
81691c0c-703a-5b12-96ea-6f1ceaf50ff8,tg:lhps:904,VisualContent,1,8d0640a6-b29f-5160-93c5-38f1fd3d6a40,au::17078,designers,"dlod={""id"":""ark:/83110/x0/8d0640a6-b29f-5160-93c5-38f1fd3d6a40"",""text"":"""",""name"":"""",""nameWithContext"":"""",""orgID"":""digipolis"",""suggestType"":""agent"",""json"":""""}",ark:/83110/x0/8d0640a6-b29f-5160-93c5-38f1fd3d6a40
e3f1b5cc-f928-5727-b56a-ef9d04573384,tg:lhps:41295,VisualContent,1,753fa91c-6fac-561f-ba32-a8e5b4fce466,au::44964,designers,"dlod={""id"":""ark:/83110/x0/753fa91c-6fac-561f-ba32-a8e5b4fce466"",""text"":"""",""name"":"""",""nameWithContext"":"""",""orgID"":""digipolis"",""suggestType"":""agent"",""json"":""""}",ark:/83110/x0/753fa91c-6fac-561f-ba32-a8e5b4fce466
3d16d123-7b5b-5396-a878-5ba51e4d14db,tg:lhps:34395,VisualContent,1,efeaed4a-b5eb-54b5-8d32-cbd131c7568a,au::58730,designers,"dlod={""id"":""ark:/83110/x0/efeaed4a-b5eb-54b5-8d32-cbd131c7568a"",""text"":"""",""name"":"""",""nameWithContext"":"""",""orgID"":""digipolis"",""suggestType"":""agent"",""json"":""""}",ark:/83110/x0/efeaed4a-b5eb-54b5-8d32-cbd131c7568a
b1e49e20-4e1e-5915-8ab2-31045732083c,tg:lhps:54994,VisualContent,1,15772c3b-4e9d-5647-8ea8-cfbbe4a84939,au::58716,designers,"dlod={""id"":""ark:/83110/x0/15772c3b-4e9d-5647-8ea8-cfbbe4a84939"",""text"":"""",""name"":"""",""nameWithContext"":"""",""orgID"":""digipolis"",""suggestType"":""agent"",""json"":""""}",ark:/83110/x0/15772c3b-4e9d-5647-8ea8-cfbbe4a84939
c2e6e1ff-dba4-58a8-aa03-4605034a19d6,tg:lhps:33450,VisualContent,1,a9c4cd41-bc4b-5fd9-8f8e-c111a33d48f2,au::58731,designers,"dlod={""id"":""ark:/83110/x0/a9c4cd41-bc4b-5fd9-8f8e-c111a33d48f2"",""text"":"""",""name"":"""",""nameWithContext"":"""",""orgID"":""digipolis"",""suggestType"":""agent"",""json"":""""}",ark:/83110/x0/a9c4cd41-bc4b-5fd9-8f8e-c111a33d48f2
c2e6e1ff-dba4-58a8-aa03-4605034a19d6,tg:lhps:33450,VisualContent,2,4f6246c1-4fca-57aa-98fa-6c48f52e9708,au::6095,designers,"dlod={""id"":""ark:/83110/x0/4f6246c1-4fca-57aa-98fa-6c48f52e9708"",""text"":"""",""name"":"""",""nameWithContext"":"""",""orgID"":""digipolis"",""suggestType"":""agent"",""json"":""""}",ark:/83110/x0/4f6246c1-4fca-57aa-98fa-6c48f52e9708
6e170625-9202-52f8-bdad-35cfd64adb69,tg:lhps:14373,VisualContent,1,a82fc1b7-e04d-5fba-8d31-46dc55b632b5,au::47600,designers,"dlod={""id"":""ark:/83110/x0/a82fc1b7-e04d-5fba-8d31-46dc55b632b5"",""text"":"""",""name"":"""",""nameWithContext"":"""",""orgID"":""digipolis"",""suggestType"":""agent"",""json"":""""}",ark:/83110/x0/a82fc1b7-e04d-5fba-8d31-46dc55b632b5
6e170625-9202-52f8-bdad-35cfd64adb69,tg:lhps:14373,VisualContent,2,93f42e62-5941-5ebc-90f7-199db76e3712,au::56961,designers,"dlod={""id"":""ark:/83110/x0/93f42e62-5941-5ebc-90f7-199db76e3712"",""text"":"""",""name"":"""",""nameWithContext"":"""",""orgID"":""digipolis"",""suggestType"":""agent"",""json"":""""}",ark:/83110/x0/93f42e62-5941-5ebc-90f7-199db76e3712
5d893f74-6aec-50cc-b697-415656f12d33,tg:lhps:9052,VisualContent,1,e4f51f94-18f2-5b7b-884c-cd6b592afe9c,au::11236,designers,"dlod={""id"":""ark:/83110/x0/e4f51f94-18f2-5b7b-884c-cd6b592afe9c"",""text"":"""",""name"":"""",""nameWithContext"":"""",""orgID"":""digipolis"",""suggestType"":""agent"",""json"":""""}",ark:/83110/x0/e4f51f94-18f2-5b7b-884c-cd6b592afe9c
01a737ce-5a54-5075-8ed3-1e1056a2e3bb,tg:lhps:32611,VisualContent,1,4e79863c-e256-5d81-bee7-d3c27d527464,au::59660,designers,"dlod={""id"":""ark:/83110/x0/4e79863c-e256-5d81-bee7-d3c27d527464"",""text"":"""",""name"":"""",""nameWithContext"":"""",""orgID"":""digipolis"",""suggestType"":""agent"",""json"":""""}",ark:/83110/x0/4e79863c-e256-5d81-bee7-d3c27d527464
ddb115cf-0a30-5339-9039-5d854e771af4,tg:lhps:33903,VisualContent,1,2262be1c-cf01-593a-bd7d-3271fc29124c,au::3606,designers,"dlod={""id"":""ark:/83110/x0/2262be1c-cf01-593a-bd7d-3271fc29124c"",""text"":"""",""name"":"""",""nameWithContext"":"""",""orgID"":""digipolis"",""suggestType"":""agent"",""json"":""""}",ark:/83110/x0/2262be1c-cf01-593a-bd7d-3271fc29124c
1a8263e8-6f7b-5be9-997b-b5451661503f,tg:lhps:44994,VisualContent,1,92e99442-f379-5ffa-bc91-b4e198385933,au::1916,designers,"dlod={""id"":""ark:/83110/x0/92e99442-f379-5ffa-bc91-b4e198385933"",""text"":"""",""name"":"""",""nameWithContext"":"""",""orgID"":""digipolis"",""suggestType"":""agent"",""json"":""""}",ark:/83110/x0/92e99442-f379-5ffa-bc91-b4e198385933
52b12602-038c-5eb1-ade6-154264f76c27,tg:lhps:42143,VisualContent,1,25a7fd46-23d4-51be-9f56-1870fd1d2885,au::48534,designers,"dlod={""id"":""ark:/83110/x0/25a7fd46-23d4-51be-9f56-1870fd1d2885"",""text"":"""",""name"":"""",""nameWithContext"":"""",""orgID"":""digipolis"",""suggestType"":""agent"",""json"":""""}",ark:/83110/x0/25a7fd46-23d4-51be-9f56-1870fd1d2885
f52c0ba9-3566-5b43-a505-7dec49c2f75a,tg:lhps:9402,VisualContent,1,3455c7f7-5565-575d-bae4-7df7e35f62cb,au::11866,designers,"dlod={""id"":""ark:/83110/x0/3455c7f7-5565-575d-bae4-7df7e35f62cb"",""text"":"""",""name"":"""",""nameWithContext"":"""",""orgID"":""digipolis"",""suggestType"":""agent"",""json"":""""}",ark:/83110/x0/3455c7f7-5565-575d-bae4-7df7e35f62cb
ccc4c15c-f6fe-5c77-9d27-1ce71e48e1bc,tg:lhps:27940,VisualContent,1,1b813a59-5373-50e0-a90a-750626d359de,au::58529,designers,"dlod={""id"":""ark:/83110/x0/1b813a59-5373-50e0-a90a-750626d359de"",""text"":"""",""name"":"""",""nameWithContext"":"""",""orgID"":""digipolis"",""suggestType"":""agent"",""json"":""""}",ark:/83110/x0/1b813a59-5373-50e0-a90a-750626d359de
09b876d8-591a-5e94-b669-5b9e5fb0bb05,tg:lhps:11521,VisualContent,1,25708bbe-3ced-5183-bd23-20e0646b01bb,au::48704,designers,"dlod={""id"":""ark:/83110/x0/25708bbe-3ced-5183-bd23-20e0646b01bb"",""text"":"""",""name"":"""",""nameWithContext"":"""",""orgID"":""digipolis"",""suggestType"":""agent"",""json"":""""}",ark:/83110/x0/25708bbe-3ced-5183-bd23-20e0646b01bb
baaed306-9bd5-5f49-9265-221d85d8015e,tg:lhps:32241,VisualContent,1,64f072ef-c9c7-5b66-b5d3-6e8b32a52e80,au::58772,designers,"dlod={""id"":""ark:/83110/x0/64f072ef-c9c7-5b66-b5d3-6e8b32a52e80"",""text"":"""",""name"":"""",""nameWithContext"":"""",""orgID"":""digipolis"",""suggestType"":""agent"",""json"":""""}",ark:/83110/x0/64f072ef-c9c7-5b66-b5d3-6e8b32a52e80
ca25b0c4-943a-5ffb-acae-6b93b770d96e,tg:lhps:45413,VisualContent,1,bffbe8bf-15e5-5213-91a0-72e061307ed7,au::3272,designers,"dlod={""id"":""ark:/83110/x0/bffbe8bf-15e5-5213-91a0-72e061307ed7"",""text"":"""",""name"":"""",""nameWithContext"":"""",""orgID"":""digipolis"",""suggestType"":""agent"",""json"":""""}",ark:/83110/x0/bffbe8bf-15e5-5213-91a0-72e061307ed7
9402d055-7da0-52af-a540-24a6894e6c51,tg:lhps:292,VisualContent,1,291eb25d-1f2a-5041-93c4-fc91ee0c153d,au::12841,designers,"dlod={""id"":""ark:/83110/x0/291eb25d-1f2a-5041-93c4-fc91ee0c153d"",""text"":"""",""name"":"""",""nameWithContext"":"""",""orgID"":""digipolis"",""suggestType"":""agent"",""json"":""""}",ark:/83110/x0/291eb25d-1f2a-5041-93c4-fc91ee0c153d
147267a8-dc24-5457-bb1a-38b14891d927,tg:lhps:3760,VisualContent,1,6f59a152-ef5d-51be-a230-0049dc10ade5,au::45511,designers,"dlod={""id"":""ark:/83110/x0/6f59a152-ef5d-51be-a230-0049dc10ade5"",""text"":"""",""name"":"""",""nameWithContext"":"""",""orgID"":""digipolis"",""suggestType"":""agent"",""json"":""""}",ark:/83110/x0/6f59a152-ef5d-51be-a230-0049dc10ade5
5e9cea9a-68fd-5c29-81ee-e42e811cae07,tg:lhps:19384,VisualContent,1,4b408158-43f6-5671-90a0-7a880e5990bf,au::9629,designers,"dlod={""id"":""ark:/83110/x0/4b408158-43f6-5671-90a0-7a880e5990bf"",""text"":"""",""name"":"""",""nameWithContext"":"""",""orgID"":""digipolis"",""suggestType"":""agent"",""json"":""""}",ark:/83110/x0/4b408158-43f6-5671-90a0-7a880e5990bf
bc3da5de-d4c6-5f97-8abd-d003446d5ee9,tg:lhps:41903,VisualContent,1,2f352b72-6b13-57ce-b6fb-5af82ce1803c,au::47595,designers,"dlod={""id"":""ark:/83110/x0/2f352b72-6b13-57ce-b6fb-5af82ce1803c"",""text"":"""",""name"":"""",""nameWithContext"":"""",""orgID"":""digipolis"",""suggestType"":""agent"",""json"":""""}",ark:/83110/x0/2f352b72-6b13-57ce-b6fb-5af82ce1803c
cc801956-87fa-50b8-b2ee-5646f8c3a082,tg:lhps:8985,VisualContent,1,1a5ac316-7c69-5a39-b5f3-511e7a0276ad,au::45589,designers,"dlod={""id"":""ark:/83110/x0/1a5ac316-7c69-5a39-b5f3-511e7a0276ad"",""text"":"""",""name"":"""",""nameWithContext"":"""",""orgID"":""digipolis"",""suggestType"":""agent"",""json"":""""}",ark:/83110/x0/1a5ac316-7c69-5a39-b5f3-511e7a0276ad
c88e11de-0d28-51d4-a0cd-9348cd46327f,tg:lhps:42786,VisualContent,1,7778bd76-50d1-5e7b-9586-0a9362a54086,au::49803,designers,"dlod={""id"":""ark:/83110/x0/7778bd76-50d1-5e7b-9586-0a9362a54086"",""text"":"""",""name"":"""",""nameWithContext"":"""",""orgID"":""digipolis"",""suggestType"":""agent"",""json"":""""}",ark:/83110/x0/7778bd76-50d1-5e7b-9586-0a9362a54086
87cf49ee-dd26-5c11-9155-6dd36ba28c26,tg:lhps:30143,VisualContent,1,1edc5135-da72-53cb-8e77-882055cc4b05,au::49900,designers,"dlod={""id"":""ark:/83110/x0/1edc5135-da72-53cb-8e77-882055cc4b05"",""text"":"""",""name"":"""",""nameWithContext"":"""",""orgID"":""digipolis"",""suggestType"":""agent"",""json"":""""}",ark:/83110/x0/1edc5135-da72-53cb-8e77-882055cc4b05
71ccc066-3120-576e-acd5-7a49c0818ff9,tg:lhps:32484,VisualContent,1,0cb0068c-df4d-555e-9d89-8a4ddbe5d3de,au::17575,designers,"dlod={""id"":""ark:/83110/x0/0cb0068c-df4d-555e-9d89-8a4ddbe5d3de"",""text"":"""",""name"":"""",""nameWithContext"":"""",""orgID"":""digipolis"",""suggestType"":""agent"",""json"":""""}",ark:/83110/x0/0cb0068c-df4d-555e-9d89-8a4ddbe5d3de
51cad463-2f98-5ec3-95ed-2fef462ff779,tg:lhps:338,VisualContent,1,eec15f92-b511-57b2-9076-f75ec2dd2392,au::44435,designers,"dlod={""id"":""ark:/83110/x0/eec15f92-b511-57b2-9076-f75ec2dd2392"",""text"":"""",""name"":"""",""nameWithContext"":"""",""orgID"":""digipolis"",""suggestType"":""agent"",""json"":""""}",ark:/83110/x0/eec15f92-b511-57b2-9076-f75ec2dd2392
fd54de07-a634-5fd3-ade2-796c006e1bdf,tg:lhps:12462,VisualContent,1,c3cdd5db-ae4f-59f1-aaa3-c7774db28201,au::51805,designers,"dlod={""id"":""ark:/83110/x0/c3cdd5db-ae4f-59f1-aaa3-c7774db28201"",""text"":"""",""name"":"""",""nameWithContext"":"""",""orgID"":""digipolis"",""suggestType"":""agent"",""json"":""""}",ark:/83110/x0/c3cdd5db-ae4f-59f1-aaa3-c7774db28201
80adce03-dd4a-58b9-893b-46de6243c897,tg:lhps:2171,VisualContent,1,b5bbb661-d90d-5332-a1f2-25693d238d5b,au::44970,designers,"dlod={""id"":""ark:/83110/x0/b5bbb661-d90d-5332-a1f2-25693d238d5b"",""text"":"""",""name"":"""",""nameWithContext"":"""",""orgID"":""digipolis"",""suggestType"":""agent"",""json"":""""}",ark:/83110/x0/b5bbb661-d90d-5332-a1f2-25693d238d5b
97a27176-8f9f-5728-824f-edb45d55eee7,tg:lhps:34100,VisualContent,1,43308208-98f4-5efc-8762-c6cfa5aee4aa,au::10889,designers,"dlod={""id"":""ark:/83110/x0/43308208-98f4-5efc-8762-c6cfa5aee4aa"",""text"":"""",""name"":"""",""nameWithContext"":"""",""orgID"":""digipolis"",""suggestType"":""agent"",""json"":""""}",ark:/83110/x0/43308208-98f4-5efc-8762-c6cfa5aee4aa
ab4a8c4e-37cb-5d0d-a722-7a37d9ddabf3,tg:lhps:55413,VisualContent,1,47a4b87f-0620-5e4b-94b0-7b1b931b5b73,au::7432,photographers,"dlod={""id"":""ark:/83110/x0/47a4b87f-0620-5e4b-94b0-7b1b931b5b73"",""text"":"""",""name"":"""",""nameWithContext"":"""",""orgID"":""digipolis"",""suggestType"":""agent"",""json"":""""}",ark:/83110/x0/47a4b87f-0620-5e4b-94b0-7b1b931b5b73
e59a2076-c55c-5d46-a6b4-ee87edd563f2,tg:lhps:28123,VisualContent,1,3455c7f7-5565-575d-bae4-7df7e35f62cb,au::11866,designers,"dlod={""id"":""ark:/83110/x0/3455c7f7-5565-575d-bae4-7df7e35f62cb"",""text"":"""",""name"":"""",""nameWithContext"":"""",""orgID"":""digipolis"",""suggestType"":""agent"",""json"":""""}",ark:/83110/x0/3455c7f7-5565-575d-bae4-7df7e35f62cb
69c490ec-6b1a-5d3a-a59c-681adaafcab1,tg:lhps:16972,VisualContent,1,27c7d733-8ebf-519a-a90a-4727eaa73a84,au::16810,photographers,"dlod={""id"":""ark:/83110/x0/27c7d733-8ebf-519a-a90a-4727eaa73a84"",""text"":"""",""name"":"""",""nameWithContext"":"""",""orgID"":""digipolis"",""suggestType"":""agent"",""json"":""""}",ark:/83110/x0/27c7d733-8ebf-519a-a90a-4727eaa73a84
60ac1aad-7455-5cca-b48a-b3ec7337cb48,tg:lhps:25341,VisualContent,1,675a0a89-6c14-5520-b34c-7e4219662c61,au::58411,designers,"dlod={""id"":""ark:/83110/x0/675a0a89-6c14-5520-b34c-7e4219662c61"",""text"":"""",""name"":"""",""nameWithContext"":"""",""orgID"":""digipolis"",""suggestType"":""agent"",""json"":""""}",ark:/83110/x0/675a0a89-6c14-5520-b34c-7e4219662c61
